<?xml version="1.0" encoding="UTF-8"?>
<gpx version="1.1" creator="ridecard" xmlns="http://www.topografix.com/GPX/1/1">
  <metadata><name>Frio River and Garner</name></metadata>
  <wpt lat="29.58826" lon="-99.73728"><name>Garner State Park</name><desc>Hike Old Baldy for the view over the Frio, then cool off at the river.</desc></wpt>
  <wpt lat="29.72652" lon="-99.76245"><name>Leakey</name><desc>Fuel, food, stretch.</desc></wpt>
  <trk><name>Frio River and Garner</name>
    <trkseg>
      <trkpt lat="29.79457" lon="-98.73192"/>
      <trkpt lat="29.7945" lon="-98.73211"/>
      <trkpt lat="29.79398" lon="-98.73184"/>
      <trkpt lat="29.79343" lon="-98.73155"/>
      <trkpt lat="29.79316" lon="-98.73141"/>
      <trkpt lat="29.79308" lon="-98.73136"/>
      <trkpt lat="29.79301" lon="-98.73133"/>
      <trkpt lat="29.79257" lon="-98.7311"/>
      <trkpt lat="29.79197" lon="-98.7308"/>
      <trkpt lat="29.79193" lon="-98.73079"/>
      <trkpt lat="29.79186" lon="-98.73074"/>
      <trkpt lat="29.79152" lon="-98.73056"/>
      <trkpt lat="29.79115" lon="-98.73036"/>
      <trkpt lat="29.79081" lon="-98.73017"/>
      <trkpt lat="29.78989" lon="-98.72971"/>
      <trkpt lat="29.78977" lon="-98.72966"/>
      <trkpt lat="29.78957" lon="-98.72956"/>
      <trkpt lat="29.78948" lon="-98.72952"/>
      <trkpt lat="29.78898" lon="-98.7293"/>
      <trkpt lat="29.78853" lon="-98.72915"/>
      <trkpt lat="29.78819" lon="-98.72907"/>
      <trkpt lat="29.78798" lon="-98.72905"/>
      <trkpt lat="29.78732" lon="-98.72904"/>
      <trkpt lat="29.787" lon="-98.72904"/>
      <trkpt lat="29.78636" lon="-98.72904"/>
      <trkpt lat="29.78541" lon="-98.72904"/>
      <trkpt lat="29.78443" lon="-98.72904"/>
      <trkpt lat="29.78363" lon="-98.72904"/>
      <trkpt lat="29.78314" lon="-98.72904"/>
      <trkpt lat="29.78282" lon="-98.72904"/>
      <trkpt lat="29.78265" lon="-98.72904"/>
      <trkpt lat="29.78244" lon="-98.72904"/>
      <trkpt lat="29.78225" lon="-98.72904"/>
      <trkpt lat="29.78187" lon="-98.72904"/>
      <trkpt lat="29.78181" lon="-98.72904"/>
      <trkpt lat="29.78165" lon="-98.72904"/>
      <trkpt lat="29.78146" lon="-98.72904"/>
      <trkpt lat="29.78118" lon="-98.72903"/>
      <trkpt lat="29.781" lon="-98.72903"/>
      <trkpt lat="29.78092" lon="-98.72902"/>
      <trkpt lat="29.78078" lon="-98.72899"/>
      <trkpt lat="29.7807" lon="-98.72898"/>
      <trkpt lat="29.78042" lon="-98.72894"/>
      <trkpt lat="29.78041" lon="-98.72916"/>
      <trkpt lat="29.7804" lon="-98.72929"/>
      <trkpt lat="29.7804" lon="-98.72947"/>
      <trkpt lat="29.7804" lon="-98.72972"/>
      <trkpt lat="29.7804" lon="-98.72992"/>
      <trkpt lat="29.7804" lon="-98.73015"/>
      <trkpt lat="29.7804" lon="-98.73028"/>
      <trkpt lat="29.78041" lon="-98.73045"/>
      <trkpt lat="29.78043" lon="-98.73108"/>
      <trkpt lat="29.78047" lon="-98.73193"/>
      <trkpt lat="29.78047" lon="-98.73195"/>
      <trkpt lat="29.78048" lon="-98.73221"/>
      <trkpt lat="29.78048" lon="-98.73237"/>
      <trkpt lat="29.78048" lon="-98.73261"/>
      <trkpt lat="29.78049" lon="-98.73301"/>
      <trkpt lat="29.78048" lon="-98.7332"/>
      <trkpt lat="29.78048" lon="-98.73347"/>
      <trkpt lat="29.78048" lon="-98.73374"/>
      <trkpt lat="29.78048" lon="-98.73445"/>
      <trkpt lat="29.78048" lon="-98.73521"/>
      <trkpt lat="29.78048" lon="-98.73535"/>
      <trkpt lat="29.78048" lon="-98.73557"/>
      <trkpt lat="29.78048" lon="-98.73574"/>
      <trkpt lat="29.78048" lon="-98.73577"/>
      <trkpt lat="29.78053" lon="-98.73589"/>
      <trkpt lat="29.78054" lon="-98.73608"/>
      <trkpt lat="29.78055" lon="-98.73622"/>
      <trkpt lat="29.78055" lon="-98.73634"/>
      <trkpt lat="29.78048" lon="-98.73683"/>
      <trkpt lat="29.78042" lon="-98.73698"/>
      <trkpt lat="29.7804" lon="-98.73702"/>
      <trkpt lat="29.78037" lon="-98.73709"/>
      <trkpt lat="29.78035" lon="-98.73714"/>
      <trkpt lat="29.78027" lon="-98.73727"/>
      <trkpt lat="29.77989" lon="-98.73807"/>
      <trkpt lat="29.77988" lon="-98.73808"/>
      <trkpt lat="29.77978" lon="-98.73828"/>
      <trkpt lat="29.77973" lon="-98.73837"/>
      <trkpt lat="29.77972" lon="-98.73839"/>
      <trkpt lat="29.77963" lon="-98.73862"/>
      <trkpt lat="29.77959" lon="-98.73876"/>
      <trkpt lat="29.77958" lon="-98.73882"/>
      <trkpt lat="29.77952" lon="-98.73904"/>
      <trkpt lat="29.77945" lon="-98.7394"/>
      <trkpt lat="29.77942" lon="-98.73971"/>
      <trkpt lat="29.77941" lon="-98.73982"/>
      <trkpt lat="29.77935" lon="-98.74038"/>
      <trkpt lat="29.77934" lon="-98.74057"/>
      <trkpt lat="29.77931" lon="-98.74073"/>
      <trkpt lat="29.77933" lon="-98.74126"/>
      <trkpt lat="29.77933" lon="-98.74151"/>
      <trkpt lat="29.77935" lon="-98.74176"/>
      <trkpt lat="29.77938" lon="-98.7423"/>
      <trkpt lat="29.77941" lon="-98.74283"/>
      <trkpt lat="29.77942" lon="-98.74334"/>
      <trkpt lat="29.7794" lon="-98.74354"/>
      <trkpt lat="29.77937" lon="-98.74369"/>
      <trkpt lat="29.77933" lon="-98.74385"/>
      <trkpt lat="29.77928" lon="-98.74401"/>
      <trkpt lat="29.77912" lon="-98.74436"/>
      <trkpt lat="29.77893" lon="-98.74465"/>
      <trkpt lat="29.7787" lon="-98.74488"/>
      <trkpt lat="29.77843" lon="-98.74509"/>
      <trkpt lat="29.77675" lon="-98.74605"/>
      <trkpt lat="29.77666" lon="-98.74609"/>
      <trkpt lat="29.77662" lon="-98.74611"/>
      <trkpt lat="29.77454" lon="-98.74729"/>
      <trkpt lat="29.77424" lon="-98.7475"/>
      <trkpt lat="29.77398" lon="-98.74768"/>
      <trkpt lat="29.77362" lon="-98.74805"/>
      <trkpt lat="29.77334" lon="-98.74847"/>
      <trkpt lat="29.77318" lon="-98.74881"/>
      <trkpt lat="29.77294" lon="-98.74942"/>
      <trkpt lat="29.7729" lon="-98.74956"/>
      <trkpt lat="29.77176" lon="-98.75378"/>
      <trkpt lat="29.77137" lon="-98.75531"/>
      <trkpt lat="29.77133" lon="-98.75546"/>
      <trkpt lat="29.77113" lon="-98.75625"/>
      <trkpt lat="29.77109" lon="-98.7564"/>
      <trkpt lat="29.77094" lon="-98.75707"/>
      <trkpt lat="29.77064" lon="-98.75831"/>
      <trkpt lat="29.77059" lon="-98.75853"/>
      <trkpt lat="29.77018" lon="-98.76028"/>
      <trkpt lat="29.77005" lon="-98.7606"/>
      <trkpt lat="29.76975" lon="-98.76102"/>
      <trkpt lat="29.76841" lon="-98.76251"/>
      <trkpt lat="29.7682" lon="-98.76274"/>
      <trkpt lat="29.76816" lon="-98.76278"/>
      <trkpt lat="29.76792" lon="-98.76304"/>
      <trkpt lat="29.76759" lon="-98.76345"/>
      <trkpt lat="29.76736" lon="-98.76383"/>
      <trkpt lat="29.76724" lon="-98.76413"/>
      <trkpt lat="29.76712" lon="-98.76453"/>
      <trkpt lat="29.7671" lon="-98.76494"/>
      <trkpt lat="29.7671" lon="-98.76543"/>
      <trkpt lat="29.76719" lon="-98.7668"/>
      <trkpt lat="29.76721" lon="-98.76716"/>
      <trkpt lat="29.76721" lon="-98.76761"/>
      <trkpt lat="29.76723" lon="-98.76869"/>
      <trkpt lat="29.76728" lon="-98.77085"/>
      <trkpt lat="29.76729" lon="-98.77126"/>
      <trkpt lat="29.7673" lon="-98.77175"/>
      <trkpt lat="29.76733" lon="-98.77217"/>
      <trkpt lat="29.76736" lon="-98.77256"/>
      <trkpt lat="29.7674" lon="-98.77288"/>
      <trkpt lat="29.76747" lon="-98.77322"/>
      <trkpt lat="29.76763" lon="-98.77368"/>
      <trkpt lat="29.76776" lon="-98.77396"/>
      <trkpt lat="29.76791" lon="-98.77423"/>
      <trkpt lat="29.76808" lon="-98.77444"/>
      <trkpt lat="29.76832" lon="-98.77472"/>
      <trkpt lat="29.76867" lon="-98.77501"/>
      <trkpt lat="29.76916" lon="-98.77533"/>
      <trkpt lat="29.76971" lon="-98.7757"/>
      <trkpt lat="29.76994" lon="-98.77589"/>
      <trkpt lat="29.76997" lon="-98.77591"/>
      <trkpt lat="29.77022" lon="-98.77618"/>
      <trkpt lat="29.77038" lon="-98.77639"/>
      <trkpt lat="29.77057" lon="-98.77669"/>
      <trkpt lat="29.7707" lon="-98.77696"/>
      <trkpt lat="29.77074" lon="-98.77709"/>
      <trkpt lat="29.77082" lon="-98.77729"/>
      <trkpt lat="29.7709" lon="-98.77762"/>
      <trkpt lat="29.77095" lon="-98.77797"/>
      <trkpt lat="29.77096" lon="-98.77829"/>
      <trkpt lat="29.77093" lon="-98.77868"/>
      <trkpt lat="29.77084" lon="-98.77918"/>
      <trkpt lat="29.77078" lon="-98.77953"/>
      <trkpt lat="29.77065" lon="-98.78016"/>
      <trkpt lat="29.7706" lon="-98.78041"/>
      <trkpt lat="29.7705" lon="-98.7808"/>
      <trkpt lat="29.77036" lon="-98.78115"/>
      <trkpt lat="29.77016" lon="-98.78149"/>
      <trkpt lat="29.77001" lon="-98.78171"/>
      <trkpt lat="29.76912" lon="-98.78269"/>
      <trkpt lat="29.76907" lon="-98.78275"/>
      <trkpt lat="29.7686" lon="-98.78326"/>
      <trkpt lat="29.76824" lon="-98.7836"/>
      <trkpt lat="29.76793" lon="-98.78385"/>
      <trkpt lat="29.76715" lon="-98.78435"/>
      <trkpt lat="29.767" lon="-98.78446"/>
      <trkpt lat="29.76687" lon="-98.78458"/>
      <trkpt lat="29.76661" lon="-98.78484"/>
      <trkpt lat="29.76638" lon="-98.78513"/>
      <trkpt lat="29.76557" lon="-98.78664"/>
      <trkpt lat="29.76528" lon="-98.78723"/>
      <trkpt lat="29.76506" lon="-98.78778"/>
      <trkpt lat="29.76496" lon="-98.78812"/>
      <trkpt lat="29.76452" lon="-98.78976"/>
      <trkpt lat="29.76447" lon="-98.7899"/>
      <trkpt lat="29.76434" lon="-98.79023"/>
      <trkpt lat="29.76414" lon="-98.79056"/>
      <trkpt lat="29.7639" lon="-98.79082"/>
      <trkpt lat="29.76363" lon="-98.79105"/>
      <trkpt lat="29.76329" lon="-98.79123"/>
      <trkpt lat="29.76299" lon="-98.79131"/>
      <trkpt lat="29.76262" lon="-98.79134"/>
      <trkpt lat="29.76189" lon="-98.79135"/>
      <trkpt lat="29.76162" lon="-98.79135"/>
      <trkpt lat="29.76116" lon="-98.79136"/>
      <trkpt lat="29.76058" lon="-98.79147"/>
      <trkpt lat="29.76015" lon="-98.79157"/>
      <trkpt lat="29.7599" lon="-98.79165"/>
      <trkpt lat="29.75964" lon="-98.79178"/>
      <trkpt lat="29.75936" lon="-98.79198"/>
      <trkpt lat="29.75908" lon="-98.79227"/>
      <trkpt lat="29.75885" lon="-98.79261"/>
      <trkpt lat="29.75869" lon="-98.793"/>
      <trkpt lat="29.75862" lon="-98.79331"/>
      <trkpt lat="29.75855" lon="-98.79378"/>
      <trkpt lat="29.75849" lon="-98.79431"/>
      <trkpt lat="29.75838" lon="-98.79474"/>
      <trkpt lat="29.75835" lon="-98.79481"/>
      <trkpt lat="29.75833" lon="-98.79486"/>
      <trkpt lat="29.75829" lon="-98.79498"/>
      <trkpt lat="29.758" lon="-98.79552"/>
      <trkpt lat="29.75773" lon="-98.79594"/>
      <trkpt lat="29.75771" lon="-98.79598"/>
      <trkpt lat="29.75768" lon="-98.79603"/>
      <trkpt lat="29.75705" lon="-98.79703"/>
      <trkpt lat="29.75663" lon="-98.79771"/>
      <trkpt lat="29.75626" lon="-98.79837"/>
      <trkpt lat="29.75611" lon="-98.79872"/>
      <trkpt lat="29.75601" lon="-98.79895"/>
      <trkpt lat="29.75597" lon="-98.79905"/>
      <trkpt lat="29.75497" lon="-98.80215"/>
      <trkpt lat="29.75483" lon="-98.80274"/>
      <trkpt lat="29.7548" lon="-98.80284"/>
      <trkpt lat="29.75473" lon="-98.80327"/>
      <trkpt lat="29.75455" lon="-98.80582"/>
      <trkpt lat="29.75452" lon="-98.80603"/>
      <trkpt lat="29.75433" lon="-98.80713"/>
      <trkpt lat="29.75416" lon="-98.80794"/>
      <trkpt lat="29.75409" lon="-98.80844"/>
      <trkpt lat="29.75402" lon="-98.80946"/>
      <trkpt lat="29.7539" lon="-98.81007"/>
      <trkpt lat="29.75371" lon="-98.81084"/>
      <trkpt lat="29.75344" lon="-98.81174"/>
      <trkpt lat="29.75322" lon="-98.81225"/>
      <trkpt lat="29.75264" lon="-98.81328"/>
      <trkpt lat="29.75196" lon="-98.8145"/>
      <trkpt lat="29.75167" lon="-98.81502"/>
      <trkpt lat="29.7515" lon="-98.8155"/>
      <trkpt lat="29.75127" lon="-98.8162"/>
      <trkpt lat="29.75106" lon="-98.8168"/>
      <trkpt lat="29.75077" lon="-98.81737"/>
      <trkpt lat="29.74964" lon="-98.8193"/>
      <trkpt lat="29.74911" lon="-98.82017"/>
      <trkpt lat="29.74885" lon="-98.8206"/>
      <trkpt lat="29.748" lon="-98.82172"/>
      <trkpt lat="29.74773" lon="-98.8221"/>
      <trkpt lat="29.74753" lon="-98.82246"/>
      <trkpt lat="29.74707" lon="-98.82342"/>
      <trkpt lat="29.74663" lon="-98.82443"/>
      <trkpt lat="29.74611" lon="-98.82577"/>
      <trkpt lat="29.74576" lon="-98.8265"/>
      <trkpt lat="29.7452" lon="-98.82764"/>
      <trkpt lat="29.74426" lon="-98.82933"/>
      <trkpt lat="29.74315" lon="-98.83114"/>
      <trkpt lat="29.74303" lon="-98.83134"/>
      <trkpt lat="29.74167" lon="-98.83344"/>
      <trkpt lat="29.74156" lon="-98.83365"/>
      <trkpt lat="29.74141" lon="-98.83396"/>
      <trkpt lat="29.7412" lon="-98.83442"/>
      <trkpt lat="29.74081" lon="-98.83521"/>
      <trkpt lat="29.74066" lon="-98.83553"/>
      <trkpt lat="29.74003" lon="-98.83694"/>
      <trkpt lat="29.73984" lon="-98.83731"/>
      <trkpt lat="29.7397" lon="-98.8376"/>
      <trkpt lat="29.73955" lon="-98.83787"/>
      <trkpt lat="29.73917" lon="-98.83844"/>
      <trkpt lat="29.73897" lon="-98.83874"/>
      <trkpt lat="29.73877" lon="-98.83907"/>
      <trkpt lat="29.73869" lon="-98.83925"/>
      <trkpt lat="29.73861" lon="-98.83945"/>
      <trkpt lat="29.73819" lon="-98.84045"/>
      <trkpt lat="29.73786" lon="-98.84114"/>
      <trkpt lat="29.73763" lon="-98.8416"/>
      <trkpt lat="29.7374" lon="-98.84196"/>
      <trkpt lat="29.73716" lon="-98.84229"/>
      <trkpt lat="29.73685" lon="-98.8427"/>
      <trkpt lat="29.73613" lon="-98.84358"/>
      <trkpt lat="29.73525" lon="-98.84462"/>
      <trkpt lat="29.73519" lon="-98.84469"/>
      <trkpt lat="29.73455" lon="-98.84546"/>
      <trkpt lat="29.73378" lon="-98.8464"/>
      <trkpt lat="29.73216" lon="-98.84849"/>
      <trkpt lat="29.73137" lon="-98.84952"/>
      <trkpt lat="29.73049" lon="-98.85065"/>
      <trkpt lat="29.72994" lon="-98.85135"/>
      <trkpt lat="29.72884" lon="-98.85256"/>
      <trkpt lat="29.7279" lon="-98.85346"/>
      <trkpt lat="29.72707" lon="-98.85411"/>
      <trkpt lat="29.72683" lon="-98.85428"/>
      <trkpt lat="29.72638" lon="-98.8546"/>
      <trkpt lat="29.72608" lon="-98.85479"/>
      <trkpt lat="29.72589" lon="-98.85492"/>
      <trkpt lat="29.72555" lon="-98.85519"/>
      <trkpt lat="29.72538" lon="-98.85533"/>
      <trkpt lat="29.72528" lon="-98.85543"/>
      <trkpt lat="29.72515" lon="-98.85559"/>
      <trkpt lat="29.72513" lon="-98.85561"/>
      <trkpt lat="29.72502" lon="-98.85579"/>
      <trkpt lat="29.72487" lon="-98.85605"/>
      <trkpt lat="29.72464" lon="-98.85651"/>
      <trkpt lat="29.72452" lon="-98.85691"/>
      <trkpt lat="29.7245" lon="-98.85697"/>
      <trkpt lat="29.72444" lon="-98.85722"/>
      <trkpt lat="29.72443" lon="-98.85732"/>
      <trkpt lat="29.72441" lon="-98.85757"/>
      <trkpt lat="29.7244" lon="-98.85777"/>
      <trkpt lat="29.72441" lon="-98.85788"/>
      <trkpt lat="29.72443" lon="-98.85803"/>
      <trkpt lat="29.72455" lon="-98.85866"/>
      <trkpt lat="29.72467" lon="-98.85916"/>
      <trkpt lat="29.7247" lon="-98.85928"/>
      <trkpt lat="29.72474" lon="-98.85947"/>
      <trkpt lat="29.72484" lon="-98.85989"/>
      <trkpt lat="29.72509" lon="-98.86115"/>
      <trkpt lat="29.7252" lon="-98.8616"/>
      <trkpt lat="29.72522" lon="-98.86178"/>
      <trkpt lat="29.72522" lon="-98.86199"/>
      <trkpt lat="29.72522" lon="-98.86214"/>
      <trkpt lat="29.72521" lon="-98.86231"/>
      <trkpt lat="29.7252" lon="-98.86244"/>
      <trkpt lat="29.72516" lon="-98.86258"/>
      <trkpt lat="29.72512" lon="-98.86266"/>
      <trkpt lat="29.72502" lon="-98.86289"/>
      <trkpt lat="29.7248" lon="-98.86319"/>
      <trkpt lat="29.7247" lon="-98.86332"/>
      <trkpt lat="29.72438" lon="-98.86359"/>
      <trkpt lat="29.72404" lon="-98.86385"/>
      <trkpt lat="29.72384" lon="-98.86404"/>
      <trkpt lat="29.72369" lon="-98.86418"/>
      <trkpt lat="29.72348" lon="-98.86447"/>
      <trkpt lat="29.72334" lon="-98.86464"/>
      <trkpt lat="29.72313" lon="-98.86494"/>
      <trkpt lat="29.72296" lon="-98.86518"/>
      <trkpt lat="29.72283" lon="-98.86536"/>
      <trkpt lat="29.72232" lon="-98.8661"/>
      <trkpt lat="29.72193" lon="-98.86665"/>
      <trkpt lat="29.72186" lon="-98.86675"/>
      <trkpt lat="29.72101" lon="-98.8679"/>
      <trkpt lat="29.72042" lon="-98.86874"/>
      <trkpt lat="29.71973" lon="-98.86955"/>
      <trkpt lat="29.71956" lon="-98.86975"/>
      <trkpt lat="29.71913" lon="-98.87025"/>
      <trkpt lat="29.71887" lon="-98.87054"/>
      <trkpt lat="29.71883" lon="-98.87059"/>
      <trkpt lat="29.71851" lon="-98.87124"/>
      <trkpt lat="29.71841" lon="-98.87154"/>
      <trkpt lat="29.71828" lon="-98.87209"/>
      <trkpt lat="29.71824" lon="-98.8722"/>
      <trkpt lat="29.71812" lon="-98.87273"/>
      <trkpt lat="29.71809" lon="-98.87286"/>
      <trkpt lat="29.71792" lon="-98.87341"/>
      <trkpt lat="29.71778" lon="-98.87369"/>
      <trkpt lat="29.71739" lon="-98.87432"/>
      <trkpt lat="29.71705" lon="-98.87485"/>
      <trkpt lat="29.7166" lon="-98.87552"/>
      <trkpt lat="29.71656" lon="-98.87559"/>
      <trkpt lat="29.71544" lon="-98.87724"/>
      <trkpt lat="29.71508" lon="-98.8779"/>
      <trkpt lat="29.71482" lon="-98.87847"/>
      <trkpt lat="29.71461" lon="-98.87906"/>
      <trkpt lat="29.71448" lon="-98.87962"/>
      <trkpt lat="29.71431" lon="-98.88085"/>
      <trkpt lat="29.71391" lon="-98.88453"/>
      <trkpt lat="29.71372" lon="-98.88629"/>
      <trkpt lat="29.71363" lon="-98.88711"/>
      <trkpt lat="29.71363" lon="-98.88712"/>
      <trkpt lat="29.71353" lon="-98.88764"/>
      <trkpt lat="29.71342" lon="-98.88807"/>
      <trkpt lat="29.71327" lon="-98.88839"/>
      <trkpt lat="29.71261" lon="-98.88968"/>
      <trkpt lat="29.71243" lon="-98.89004"/>
      <trkpt lat="29.71252" lon="-98.89032"/>
      <trkpt lat="29.71258" lon="-98.89051"/>
      <trkpt lat="29.71297" lon="-98.8917"/>
      <trkpt lat="29.71337" lon="-98.89296"/>
      <trkpt lat="29.7137" lon="-98.89387"/>
      <trkpt lat="29.71409" lon="-98.8947"/>
      <trkpt lat="29.7142" lon="-98.89489"/>
      <trkpt lat="29.71452" lon="-98.89545"/>
      <trkpt lat="29.71498" lon="-98.89603"/>
      <trkpt lat="29.71548" lon="-98.89652"/>
      <trkpt lat="29.71576" lon="-98.89681"/>
      <trkpt lat="29.71582" lon="-98.89687"/>
      <trkpt lat="29.71661" lon="-98.89782"/>
      <trkpt lat="29.71702" lon="-98.89844"/>
      <trkpt lat="29.7173" lon="-98.89898"/>
      <trkpt lat="29.71765" lon="-98.89972"/>
      <trkpt lat="29.71786" lon="-98.90029"/>
      <trkpt lat="29.71795" lon="-98.90055"/>
      <trkpt lat="29.71822" lon="-98.90175"/>
      <trkpt lat="29.71836" lon="-98.90276"/>
      <trkpt lat="29.71849" lon="-98.90415"/>
      <trkpt lat="29.71851" lon="-98.9044"/>
      <trkpt lat="29.71854" lon="-98.90521"/>
      <trkpt lat="29.71854" lon="-98.90524"/>
      <trkpt lat="29.71857" lon="-98.90596"/>
      <trkpt lat="29.71861" lon="-98.90666"/>
      <trkpt lat="29.71862" lon="-98.90696"/>
      <trkpt lat="29.71863" lon="-98.90742"/>
      <trkpt lat="29.71863" lon="-98.90744"/>
      <trkpt lat="29.71871" lon="-98.90798"/>
      <trkpt lat="29.71882" lon="-98.9088"/>
      <trkpt lat="29.71885" lon="-98.909"/>
      <trkpt lat="29.719" lon="-98.90972"/>
      <trkpt lat="29.71925" lon="-98.91057"/>
      <trkpt lat="29.71956" lon="-98.91144"/>
      <trkpt lat="29.71962" lon="-98.9116"/>
      <trkpt lat="29.71979" lon="-98.91214"/>
      <trkpt lat="29.71997" lon="-98.91273"/>
      <trkpt lat="29.72012" lon="-98.91347"/>
      <trkpt lat="29.72017" lon="-98.91375"/>
      <trkpt lat="29.72023" lon="-98.91406"/>
      <trkpt lat="29.72041" lon="-98.91572"/>
      <trkpt lat="29.72052" lon="-98.91688"/>
      <trkpt lat="29.72056" lon="-98.91718"/>
      <trkpt lat="29.72057" lon="-98.91722"/>
      <trkpt lat="29.72058" lon="-98.91737"/>
      <trkpt lat="29.72066" lon="-98.91824"/>
      <trkpt lat="29.72074" lon="-98.91896"/>
      <trkpt lat="29.72073" lon="-98.91965"/>
      <trkpt lat="29.72068" lon="-98.92025"/>
      <trkpt lat="29.72065" lon="-98.9205"/>
      <trkpt lat="29.72065" lon="-98.92052"/>
      <trkpt lat="29.72047" lon="-98.92186"/>
      <trkpt lat="29.72043" lon="-98.92212"/>
      <trkpt lat="29.7202" lon="-98.92372"/>
      <trkpt lat="29.72016" lon="-98.92472"/>
      <trkpt lat="29.72018" lon="-98.92515"/>
      <trkpt lat="29.7202" lon="-98.92554"/>
      <trkpt lat="29.72026" lon="-98.92597"/>
      <trkpt lat="29.72028" lon="-98.92622"/>
      <trkpt lat="29.72041" lon="-98.92684"/>
      <trkpt lat="29.72045" lon="-98.92704"/>
      <trkpt lat="29.72046" lon="-98.9271"/>
      <trkpt lat="29.72065" lon="-98.92774"/>
      <trkpt lat="29.72084" lon="-98.92848"/>
      <trkpt lat="29.72104" lon="-98.92919"/>
      <trkpt lat="29.72118" lon="-98.9297"/>
      <trkpt lat="29.72138" lon="-98.93027"/>
      <trkpt lat="29.72141" lon="-98.93034"/>
      <trkpt lat="29.72159" lon="-98.93081"/>
      <trkpt lat="29.72169" lon="-98.93106"/>
      <trkpt lat="29.72219" lon="-98.93203"/>
      <trkpt lat="29.72228" lon="-98.9322"/>
      <trkpt lat="29.7223" lon="-98.93224"/>
      <trkpt lat="29.72243" lon="-98.93247"/>
      <trkpt lat="29.72262" lon="-98.933"/>
      <trkpt lat="29.72295" lon="-98.93392"/>
      <trkpt lat="29.72303" lon="-98.93426"/>
      <trkpt lat="29.72309" lon="-98.93447"/>
      <trkpt lat="29.72315" lon="-98.9347"/>
      <trkpt lat="29.72326" lon="-98.9351"/>
      <trkpt lat="29.72341" lon="-98.93565"/>
      <trkpt lat="29.72344" lon="-98.93571"/>
      <trkpt lat="29.72367" lon="-98.93638"/>
      <trkpt lat="29.72395" lon="-98.93709"/>
      <trkpt lat="29.72406" lon="-98.93737"/>
      <trkpt lat="29.72435" lon="-98.93806"/>
      <trkpt lat="29.72491" lon="-98.93945"/>
      <trkpt lat="29.72506" lon="-98.93983"/>
      <trkpt lat="29.72508" lon="-98.93988"/>
      <trkpt lat="29.72546" lon="-98.9407"/>
      <trkpt lat="29.72561" lon="-98.94105"/>
      <trkpt lat="29.72577" lon="-98.94145"/>
      <trkpt lat="29.72637" lon="-98.94303"/>
      <trkpt lat="29.72645" lon="-98.94323"/>
      <trkpt lat="29.72673" lon="-98.94405"/>
      <trkpt lat="29.72678" lon="-98.94416"/>
      <trkpt lat="29.72684" lon="-98.94431"/>
      <trkpt lat="29.72697" lon="-98.94469"/>
      <trkpt lat="29.72726" lon="-98.94549"/>
      <trkpt lat="29.7273" lon="-98.94557"/>
      <trkpt lat="29.72769" lon="-98.94663"/>
      <trkpt lat="29.72781" lon="-98.94695"/>
      <trkpt lat="29.72833" lon="-98.94823"/>
      <trkpt lat="29.72864" lon="-98.94909"/>
      <trkpt lat="29.72866" lon="-98.94916"/>
      <trkpt lat="29.72908" lon="-98.9504"/>
      <trkpt lat="29.7297" lon="-98.95251"/>
      <trkpt lat="29.72977" lon="-98.95274"/>
      <trkpt lat="29.73004" lon="-98.95368"/>
      <trkpt lat="29.73017" lon="-98.95409"/>
      <trkpt lat="29.73018" lon="-98.95413"/>
      <trkpt lat="29.73035" lon="-98.95457"/>
      <trkpt lat="29.73045" lon="-98.95482"/>
      <trkpt lat="29.73079" lon="-98.9556"/>
      <trkpt lat="29.73138" lon="-98.95637"/>
      <trkpt lat="29.73188" lon="-98.95691"/>
      <trkpt lat="29.73226" lon="-98.95732"/>
      <trkpt lat="29.73329" lon="-98.95858"/>
      <trkpt lat="29.73449" lon="-98.96005"/>
      <trkpt lat="29.73505" lon="-98.96073"/>
      <trkpt lat="29.73532" lon="-98.96107"/>
      <trkpt lat="29.73541" lon="-98.96117"/>
      <trkpt lat="29.73597" lon="-98.96183"/>
      <trkpt lat="29.7367" lon="-98.96282"/>
      <trkpt lat="29.73691" lon="-98.96327"/>
      <trkpt lat="29.73716" lon="-98.96394"/>
      <trkpt lat="29.73841" lon="-98.96891"/>
      <trkpt lat="29.73877" lon="-98.97039"/>
      <trkpt lat="29.73904" lon="-98.97138"/>
      <trkpt lat="29.73936" lon="-98.97225"/>
      <trkpt lat="29.7402" lon="-98.97422"/>
      <trkpt lat="29.74082" lon="-98.97568"/>
      <trkpt lat="29.74093" lon="-98.97596"/>
      <trkpt lat="29.74125" lon="-98.97661"/>
      <trkpt lat="29.74177" lon="-98.97753"/>
      <trkpt lat="29.74201" lon="-98.97802"/>
      <trkpt lat="29.7423" lon="-98.97856"/>
      <trkpt lat="29.74246" lon="-98.97893"/>
      <trkpt lat="29.74265" lon="-98.97938"/>
      <trkpt lat="29.74276" lon="-98.9797"/>
      <trkpt lat="29.7428" lon="-98.97981"/>
      <trkpt lat="29.74315" lon="-98.9811"/>
      <trkpt lat="29.7433" lon="-98.98181"/>
      <trkpt lat="29.74396" lon="-98.98486"/>
      <trkpt lat="29.74448" lon="-98.98706"/>
      <trkpt lat="29.74456" lon="-98.98739"/>
      <trkpt lat="29.74496" lon="-98.98894"/>
      <trkpt lat="29.74519" lon="-98.98975"/>
      <trkpt lat="29.74551" lon="-98.99058"/>
      <trkpt lat="29.74558" lon="-98.99076"/>
      <trkpt lat="29.74588" lon="-98.99157"/>
      <trkpt lat="29.74597" lon="-98.99198"/>
      <trkpt lat="29.746" lon="-98.99244"/>
      <trkpt lat="29.74599" lon="-98.99274"/>
      <trkpt lat="29.74598" lon="-98.99294"/>
      <trkpt lat="29.74588" lon="-98.99358"/>
      <trkpt lat="29.74573" lon="-98.99445"/>
      <trkpt lat="29.7457" lon="-98.99458"/>
      <trkpt lat="29.74564" lon="-98.99495"/>
      <trkpt lat="29.74552" lon="-98.99565"/>
      <trkpt lat="29.74535" lon="-98.99658"/>
      <trkpt lat="29.74534" lon="-98.99668"/>
      <trkpt lat="29.74526" lon="-98.99717"/>
      <trkpt lat="29.745" lon="-98.99847"/>
      <trkpt lat="29.74486" lon="-98.99931"/>
      <trkpt lat="29.74477" lon="-98.9999"/>
      <trkpt lat="29.74474" lon="-99.00033"/>
      <trkpt lat="29.74469" lon="-99.00074"/>
      <trkpt lat="29.74468" lon="-99.00117"/>
      <trkpt lat="29.74467" lon="-99.00224"/>
      <trkpt lat="29.74467" lon="-99.0027"/>
      <trkpt lat="29.74469" lon="-99.00305"/>
      <trkpt lat="29.74484" lon="-99.00462"/>
      <trkpt lat="29.74504" lon="-99.00653"/>
      <trkpt lat="29.74507" lon="-99.00679"/>
      <trkpt lat="29.7452" lon="-99.00812"/>
      <trkpt lat="29.74524" lon="-99.00856"/>
      <trkpt lat="29.74541" lon="-99.01014"/>
      <trkpt lat="29.74547" lon="-99.0107"/>
      <trkpt lat="29.74553" lon="-99.01113"/>
      <trkpt lat="29.74567" lon="-99.01251"/>
      <trkpt lat="29.74568" lon="-99.01263"/>
      <trkpt lat="29.74574" lon="-99.01314"/>
      <trkpt lat="29.74585" lon="-99.01412"/>
      <trkpt lat="29.74598" lon="-99.01506"/>
      <trkpt lat="29.746" lon="-99.01525"/>
      <trkpt lat="29.746" lon="-99.0156"/>
      <trkpt lat="29.746" lon="-99.01627"/>
      <trkpt lat="29.74598" lon="-99.01662"/>
      <trkpt lat="29.74597" lon="-99.01674"/>
      <trkpt lat="29.74587" lon="-99.01729"/>
      <trkpt lat="29.74571" lon="-99.01793"/>
      <trkpt lat="29.74552" lon="-99.01848"/>
      <trkpt lat="29.74519" lon="-99.0193"/>
      <trkpt lat="29.74505" lon="-99.01965"/>
      <trkpt lat="29.74483" lon="-99.02021"/>
      <trkpt lat="29.74449" lon="-99.02105"/>
      <trkpt lat="29.74414" lon="-99.02194"/>
      <trkpt lat="29.74398" lon="-99.02236"/>
      <trkpt lat="29.74397" lon="-99.02238"/>
      <trkpt lat="29.74362" lon="-99.02332"/>
      <trkpt lat="29.74344" lon="-99.02381"/>
      <trkpt lat="29.74312" lon="-99.02453"/>
      <trkpt lat="29.74289" lon="-99.02505"/>
      <trkpt lat="29.74238" lon="-99.02622"/>
      <trkpt lat="29.74237" lon="-99.02626"/>
      <trkpt lat="29.74174" lon="-99.02764"/>
      <trkpt lat="29.74157" lon="-99.02804"/>
      <trkpt lat="29.74116" lon="-99.02899"/>
      <trkpt lat="29.74082" lon="-99.02981"/>
      <trkpt lat="29.74068" lon="-99.03011"/>
      <trkpt lat="29.74035" lon="-99.0309"/>
      <trkpt lat="29.73975" lon="-99.03222"/>
      <trkpt lat="29.73935" lon="-99.0331"/>
      <trkpt lat="29.7386" lon="-99.0348"/>
      <trkpt lat="29.73838" lon="-99.0353"/>
      <trkpt lat="29.73831" lon="-99.03547"/>
      <trkpt lat="29.73757" lon="-99.03712"/>
      <trkpt lat="29.73718" lon="-99.03801"/>
      <trkpt lat="29.73662" lon="-99.03926"/>
      <trkpt lat="29.73661" lon="-99.03928"/>
      <trkpt lat="29.73649" lon="-99.03957"/>
      <trkpt lat="29.73646" lon="-99.03965"/>
      <trkpt lat="29.73641" lon="-99.03976"/>
      <trkpt lat="29.73625" lon="-99.04016"/>
      <trkpt lat="29.7361" lon="-99.04066"/>
      <trkpt lat="29.73609" lon="-99.04067"/>
      <trkpt lat="29.73597" lon="-99.04113"/>
      <trkpt lat="29.73553" lon="-99.04287"/>
      <trkpt lat="29.73543" lon="-99.0433"/>
      <trkpt lat="29.73539" lon="-99.04349"/>
      <trkpt lat="29.73536" lon="-99.04362"/>
      <trkpt lat="29.73526" lon="-99.04402"/>
      <trkpt lat="29.7352" lon="-99.04427"/>
      <trkpt lat="29.7351" lon="-99.04465"/>
      <trkpt lat="29.73508" lon="-99.04473"/>
      <trkpt lat="29.73495" lon="-99.04506"/>
      <trkpt lat="29.73484" lon="-99.04537"/>
      <trkpt lat="29.73465" lon="-99.04591"/>
      <trkpt lat="29.73439" lon="-99.04662"/>
      <trkpt lat="29.73416" lon="-99.04719"/>
      <trkpt lat="29.73402" lon="-99.04756"/>
      <trkpt lat="29.73363" lon="-99.04855"/>
      <trkpt lat="29.73328" lon="-99.04958"/>
      <trkpt lat="29.73289" lon="-99.05063"/>
      <trkpt lat="29.73267" lon="-99.05127"/>
      <trkpt lat="29.73243" lon="-99.05195"/>
      <trkpt lat="29.73226" lon="-99.05238"/>
      <trkpt lat="29.73211" lon="-99.05288"/>
      <trkpt lat="29.732" lon="-99.05341"/>
      <trkpt lat="29.73195" lon="-99.05367"/>
      <trkpt lat="29.73191" lon="-99.05396"/>
      <trkpt lat="29.73189" lon="-99.05416"/>
      <trkpt lat="29.73186" lon="-99.05444"/>
      <trkpt lat="29.73185" lon="-99.05474"/>
      <trkpt lat="29.73184" lon="-99.05548"/>
      <trkpt lat="29.73185" lon="-99.05578"/>
      <trkpt lat="29.73187" lon="-99.05612"/>
      <trkpt lat="29.73192" lon="-99.0578"/>
      <trkpt lat="29.73194" lon="-99.05824"/>
      <trkpt lat="29.73196" lon="-99.05869"/>
      <trkpt lat="29.73197" lon="-99.05926"/>
      <trkpt lat="29.73195" lon="-99.05978"/>
      <trkpt lat="29.73192" lon="-99.06014"/>
      <trkpt lat="29.73187" lon="-99.06054"/>
      <trkpt lat="29.73179" lon="-99.06104"/>
      <trkpt lat="29.73168" lon="-99.06157"/>
      <trkpt lat="29.73154" lon="-99.06207"/>
      <trkpt lat="29.73148" lon="-99.06222"/>
      <trkpt lat="29.73139" lon="-99.06246"/>
      <trkpt lat="29.73119" lon="-99.063"/>
      <trkpt lat="29.73097" lon="-99.06351"/>
      <trkpt lat="29.73069" lon="-99.06402"/>
      <trkpt lat="29.73041" lon="-99.06446"/>
      <trkpt lat="29.73034" lon="-99.06458"/>
      <trkpt lat="29.73009" lon="-99.06495"/>
      <trkpt lat="29.7298" lon="-99.0653"/>
      <trkpt lat="29.7297" lon="-99.06543"/>
      <trkpt lat="29.72947" lon="-99.0657"/>
      <trkpt lat="29.72937" lon="-99.0658"/>
      <trkpt lat="29.72911" lon="-99.06605"/>
      <trkpt lat="29.72892" lon="-99.06621"/>
      <trkpt lat="29.72888" lon="-99.06625"/>
      <trkpt lat="29.72885" lon="-99.06627"/>
      <trkpt lat="29.72872" lon="-99.06639"/>
      <trkpt lat="29.72864" lon="-99.06646"/>
      <trkpt lat="29.72857" lon="-99.06653"/>
      <trkpt lat="29.728" lon="-99.06701"/>
      <trkpt lat="29.72779" lon="-99.0672"/>
      <trkpt lat="29.72757" lon="-99.06741"/>
      <trkpt lat="29.72671" lon="-99.06815"/>
      <trkpt lat="29.72659" lon="-99.06824"/>
      <trkpt lat="29.72638" lon="-99.06842"/>
      <trkpt lat="29.72609" lon="-99.06874"/>
      <trkpt lat="29.72591" lon="-99.06896"/>
      <trkpt lat="29.72599" lon="-99.06905"/>
      <trkpt lat="29.72671" lon="-99.06989"/>
      <trkpt lat="29.72749" lon="-99.07075"/>
      <trkpt lat="29.72744" lon="-99.0708"/>
      <trkpt lat="29.72696" lon="-99.07135"/>
      <trkpt lat="29.7269" lon="-99.07143"/>
      <trkpt lat="29.72671" lon="-99.07164"/>
      <trkpt lat="29.72704" lon="-99.07202"/>
      <trkpt lat="29.72722" lon="-99.07222"/>
      <trkpt lat="29.72722" lon="-99.07223"/>
      <trkpt lat="29.72744" lon="-99.07248"/>
      <trkpt lat="29.72676" lon="-99.0733"/>
      <trkpt lat="29.72668" lon="-99.07339"/>
      <trkpt lat="29.7274" lon="-99.07421"/>
      <trkpt lat="29.72743" lon="-99.07425"/>
      <trkpt lat="29.72771" lon="-99.07456"/>
      <trkpt lat="29.72815" lon="-99.07506"/>
      <trkpt lat="29.72821" lon="-99.07512"/>
      <trkpt lat="29.72894" lon="-99.07596"/>
      <trkpt lat="29.72907" lon="-99.07612"/>
      <trkpt lat="29.72935" lon="-99.07645"/>
      <trkpt lat="29.72961" lon="-99.07675"/>
      <trkpt lat="29.72962" lon="-99.07677"/>
      <trkpt lat="29.7297" lon="-99.07686"/>
      <trkpt lat="29.72979" lon="-99.07697"/>
      <trkpt lat="29.72981" lon="-99.07699"/>
      <trkpt lat="29.73005" lon="-99.07726"/>
      <trkpt lat="29.73018" lon="-99.07741"/>
      <trkpt lat="29.73022" lon="-99.07745"/>
      <trkpt lat="29.73026" lon="-99.07749"/>
      <trkpt lat="29.73034" lon="-99.07759"/>
      <trkpt lat="29.73049" lon="-99.07776"/>
      <trkpt lat="29.73056" lon="-99.07783"/>
      <trkpt lat="29.73062" lon="-99.07789"/>
      <trkpt lat="29.73071" lon="-99.07798"/>
      <trkpt lat="29.73075" lon="-99.07803"/>
      <trkpt lat="29.73105" lon="-99.07837"/>
      <trkpt lat="29.73125" lon="-99.07861"/>
      <trkpt lat="29.73138" lon="-99.07878"/>
      <trkpt lat="29.73149" lon="-99.07893"/>
      <trkpt lat="29.73168" lon="-99.07924"/>
      <trkpt lat="29.73172" lon="-99.07933"/>
      <trkpt lat="29.73176" lon="-99.07945"/>
      <trkpt lat="29.73182" lon="-99.07969"/>
      <trkpt lat="29.73186" lon="-99.08007"/>
      <trkpt lat="29.73185" lon="-99.08029"/>
      <trkpt lat="29.73185" lon="-99.08041"/>
      <trkpt lat="29.7318" lon="-99.08148"/>
      <trkpt lat="29.73177" lon="-99.08177"/>
      <trkpt lat="29.73174" lon="-99.0821"/>
      <trkpt lat="29.73173" lon="-99.08233"/>
      <trkpt lat="29.73173" lon="-99.08247"/>
      <trkpt lat="29.7317" lon="-99.08293"/>
      <trkpt lat="29.73169" lon="-99.08308"/>
      <trkpt lat="29.73166" lon="-99.08365"/>
      <trkpt lat="29.73162" lon="-99.08427"/>
      <trkpt lat="29.73162" lon="-99.08436"/>
      <trkpt lat="29.7316" lon="-99.08467"/>
      <trkpt lat="29.73153" lon="-99.08575"/>
      <trkpt lat="29.73147" lon="-99.08684"/>
      <trkpt lat="29.73142" lon="-99.08785"/>
      <trkpt lat="29.73139" lon="-99.08829"/>
      <trkpt lat="29.73137" lon="-99.08851"/>
      <trkpt lat="29.73134" lon="-99.08902"/>
      <trkpt lat="29.73132" lon="-99.08953"/>
      <trkpt lat="29.73131" lon="-99.08966"/>
      <trkpt lat="29.7313" lon="-99.08975"/>
      <trkpt lat="29.73125" lon="-99.09069"/>
      <trkpt lat="29.73124" lon="-99.09087"/>
      <trkpt lat="29.73124" lon="-99.09091"/>
      <trkpt lat="29.73121" lon="-99.09144"/>
      <trkpt lat="29.73116" lon="-99.09232"/>
      <trkpt lat="29.73115" lon="-99.09234"/>
      <trkpt lat="29.73113" lon="-99.09303"/>
      <trkpt lat="29.73111" lon="-99.09338"/>
      <trkpt lat="29.73108" lon="-99.09394"/>
      <trkpt lat="29.73098" lon="-99.0955"/>
      <trkpt lat="29.73097" lon="-99.09574"/>
      <trkpt lat="29.73094" lon="-99.0962"/>
      <trkpt lat="29.73093" lon="-99.09639"/>
      <trkpt lat="29.73091" lon="-99.09702"/>
      <trkpt lat="29.73089" lon="-99.09721"/>
      <trkpt lat="29.73086" lon="-99.09745"/>
      <trkpt lat="29.73081" lon="-99.09804"/>
      <trkpt lat="29.73074" lon="-99.0984"/>
      <trkpt lat="29.73067" lon="-99.09862"/>
      <trkpt lat="29.7306" lon="-99.09885"/>
      <trkpt lat="29.73056" lon="-99.09892"/>
      <trkpt lat="29.73044" lon="-99.09911"/>
      <trkpt lat="29.73026" lon="-99.09954"/>
      <trkpt lat="29.73012" lon="-99.09988"/>
      <trkpt lat="29.73008" lon="-99.09999"/>
      <trkpt lat="29.73002" lon="-99.10018"/>
      <trkpt lat="29.72997" lon="-99.1005"/>
      <trkpt lat="29.72993" lon="-99.10081"/>
      <trkpt lat="29.72993" lon="-99.10115"/>
      <trkpt lat="29.72997" lon="-99.1016"/>
      <trkpt lat="29.7301" lon="-99.10266"/>
      <trkpt lat="29.73018" lon="-99.10333"/>
      <trkpt lat="29.73029" lon="-99.10413"/>
      <trkpt lat="29.73038" lon="-99.10473"/>
      <trkpt lat="29.73048" lon="-99.10513"/>
      <trkpt lat="29.73057" lon="-99.10548"/>
      <trkpt lat="29.73069" lon="-99.10586"/>
      <trkpt lat="29.73088" lon="-99.10638"/>
      <trkpt lat="29.73107" lon="-99.10689"/>
      <trkpt lat="29.73142" lon="-99.10782"/>
      <trkpt lat="29.73154" lon="-99.10811"/>
      <trkpt lat="29.73155" lon="-99.10815"/>
      <trkpt lat="29.7319" lon="-99.1089"/>
      <trkpt lat="29.7322" lon="-99.10952"/>
      <trkpt lat="29.7326" lon="-99.11035"/>
      <trkpt lat="29.73279" lon="-99.11073"/>
      <trkpt lat="29.73296" lon="-99.11101"/>
      <trkpt lat="29.7331" lon="-99.11126"/>
      <trkpt lat="29.73343" lon="-99.11173"/>
      <trkpt lat="29.73388" lon="-99.11232"/>
      <trkpt lat="29.73411" lon="-99.11266"/>
      <trkpt lat="29.73394" lon="-99.11294"/>
      <trkpt lat="29.73333" lon="-99.11434"/>
      <trkpt lat="29.73317" lon="-99.1147"/>
      <trkpt lat="29.73303" lon="-99.11507"/>
      <trkpt lat="29.7328" lon="-99.11561"/>
      <trkpt lat="29.73225" lon="-99.11686"/>
      <trkpt lat="29.73194" lon="-99.11747"/>
      <trkpt lat="29.73137" lon="-99.11831"/>
      <trkpt lat="29.73091" lon="-99.11885"/>
      <trkpt lat="29.73027" lon="-99.11955"/>
      <trkpt lat="29.7299" lon="-99.11992"/>
      <trkpt lat="29.7297" lon="-99.12012"/>
      <trkpt lat="29.72935" lon="-99.1204"/>
      <trkpt lat="29.72906" lon="-99.1206"/>
      <trkpt lat="29.72843" lon="-99.12095"/>
      <trkpt lat="29.72796" lon="-99.12116"/>
      <trkpt lat="29.72757" lon="-99.12132"/>
      <trkpt lat="29.7273" lon="-99.12143"/>
      <trkpt lat="29.72668" lon="-99.12166"/>
      <trkpt lat="29.72622" lon="-99.12189"/>
      <trkpt lat="29.72583" lon="-99.12206"/>
      <trkpt lat="29.7256" lon="-99.12219"/>
      <trkpt lat="29.72558" lon="-99.1222"/>
      <trkpt lat="29.72543" lon="-99.12234"/>
      <trkpt lat="29.72511" lon="-99.12258"/>
      <trkpt lat="29.72485" lon="-99.1228"/>
      <trkpt lat="29.72472" lon="-99.12292"/>
      <trkpt lat="29.72387" lon="-99.12364"/>
      <trkpt lat="29.72325" lon="-99.12416"/>
      <trkpt lat="29.72283" lon="-99.12455"/>
      <trkpt lat="29.72257" lon="-99.12481"/>
      <trkpt lat="29.72236" lon="-99.12506"/>
      <trkpt lat="29.72209" lon="-99.12545"/>
      <trkpt lat="29.72189" lon="-99.12573"/>
      <trkpt lat="29.72164" lon="-99.12615"/>
      <trkpt lat="29.72138" lon="-99.12656"/>
      <trkpt lat="29.72128" lon="-99.12674"/>
      <trkpt lat="29.72104" lon="-99.12718"/>
      <trkpt lat="29.72079" lon="-99.12778"/>
      <trkpt lat="29.72061" lon="-99.12829"/>
      <trkpt lat="29.7204" lon="-99.12886"/>
      <trkpt lat="29.72029" lon="-99.12923"/>
      <trkpt lat="29.72015" lon="-99.12969"/>
      <trkpt lat="29.72002" lon="-99.13025"/>
      <trkpt lat="29.71981" lon="-99.13131"/>
      <trkpt lat="29.71966" lon="-99.13215"/>
      <trkpt lat="29.71964" lon="-99.13222"/>
      <trkpt lat="29.71936" lon="-99.13376"/>
      <trkpt lat="29.71926" lon="-99.13428"/>
      <trkpt lat="29.71913" lon="-99.13486"/>
      <trkpt lat="29.71896" lon="-99.1354"/>
      <trkpt lat="29.71881" lon="-99.13581"/>
      <trkpt lat="29.71861" lon="-99.13631"/>
      <trkpt lat="29.71839" lon="-99.13674"/>
      <trkpt lat="29.7181" lon="-99.13722"/>
      <trkpt lat="29.71793" lon="-99.13751"/>
      <trkpt lat="29.71765" lon="-99.13798"/>
      <trkpt lat="29.71734" lon="-99.13835"/>
      <trkpt lat="29.71662" lon="-99.1392"/>
      <trkpt lat="29.71486" lon="-99.14121"/>
      <trkpt lat="29.71436" lon="-99.14178"/>
      <trkpt lat="29.714" lon="-99.14217"/>
      <trkpt lat="29.71365" lon="-99.14254"/>
      <trkpt lat="29.71315" lon="-99.1432"/>
      <trkpt lat="29.7128" lon="-99.14369"/>
      <trkpt lat="29.71269" lon="-99.14388"/>
      <trkpt lat="29.71243" lon="-99.14432"/>
      <trkpt lat="29.71233" lon="-99.14453"/>
      <trkpt lat="29.71214" lon="-99.14495"/>
      <trkpt lat="29.71206" lon="-99.14511"/>
      <trkpt lat="29.71194" lon="-99.14539"/>
      <trkpt lat="29.71178" lon="-99.14579"/>
      <trkpt lat="29.71174" lon="-99.14592"/>
      <trkpt lat="29.71155" lon="-99.1466"/>
      <trkpt lat="29.7114" lon="-99.14732"/>
      <trkpt lat="29.71138" lon="-99.14747"/>
      <trkpt lat="29.71119" lon="-99.14872"/>
      <trkpt lat="29.71118" lon="-99.14876"/>
      <trkpt lat="29.71108" lon="-99.14913"/>
      <trkpt lat="29.71095" lon="-99.14961"/>
      <trkpt lat="29.71092" lon="-99.14971"/>
      <trkpt lat="29.71068" lon="-99.15041"/>
      <trkpt lat="29.7106" lon="-99.15065"/>
      <trkpt lat="29.71029" lon="-99.15152"/>
      <trkpt lat="29.71006" lon="-99.15218"/>
      <trkpt lat="29.71001" lon="-99.1523"/>
      <trkpt lat="29.70997" lon="-99.15242"/>
      <trkpt lat="29.70992" lon="-99.15257"/>
      <trkpt lat="29.70957" lon="-99.15358"/>
      <trkpt lat="29.70908" lon="-99.15502"/>
      <trkpt lat="29.70886" lon="-99.15566"/>
      <trkpt lat="29.70881" lon="-99.15582"/>
      <trkpt lat="29.70857" lon="-99.15657"/>
      <trkpt lat="29.70845" lon="-99.15691"/>
      <trkpt lat="29.70828" lon="-99.15742"/>
      <trkpt lat="29.70812" lon="-99.15776"/>
      <trkpt lat="29.70808" lon="-99.15785"/>
      <trkpt lat="29.70799" lon="-99.15806"/>
      <trkpt lat="29.70788" lon="-99.15829"/>
      <trkpt lat="29.70784" lon="-99.15836"/>
      <trkpt lat="29.70781" lon="-99.15842"/>
      <trkpt lat="29.70761" lon="-99.15873"/>
      <trkpt lat="29.70759" lon="-99.15876"/>
      <trkpt lat="29.70736" lon="-99.15909"/>
      <trkpt lat="29.70674" lon="-99.15978"/>
      <trkpt lat="29.70671" lon="-99.15981"/>
      <trkpt lat="29.7066" lon="-99.15993"/>
      <trkpt lat="29.70612" lon="-99.16046"/>
      <trkpt lat="29.70585" lon="-99.16079"/>
      <trkpt lat="29.70534" lon="-99.16138"/>
      <trkpt lat="29.70506" lon="-99.16169"/>
      <trkpt lat="29.70483" lon="-99.16193"/>
      <trkpt lat="29.70464" lon="-99.16213"/>
      <trkpt lat="29.7045" lon="-99.1623"/>
      <trkpt lat="29.70415" lon="-99.16268"/>
      <trkpt lat="29.70408" lon="-99.16276"/>
      <trkpt lat="29.70352" lon="-99.1634"/>
      <trkpt lat="29.70336" lon="-99.16358"/>
      <trkpt lat="29.70259" lon="-99.16446"/>
      <trkpt lat="29.70234" lon="-99.16476"/>
      <trkpt lat="29.70203" lon="-99.16513"/>
      <trkpt lat="29.702" lon="-99.16515"/>
      <trkpt lat="29.70178" lon="-99.16541"/>
      <trkpt lat="29.70133" lon="-99.1659"/>
      <trkpt lat="29.7009" lon="-99.16634"/>
      <trkpt lat="29.70072" lon="-99.16649"/>
      <trkpt lat="29.70065" lon="-99.16655"/>
      <trkpt lat="29.70051" lon="-99.16666"/>
      <trkpt lat="29.70021" lon="-99.16693"/>
      <trkpt lat="29.69992" lon="-99.16719"/>
      <trkpt lat="29.69934" lon="-99.16769"/>
      <trkpt lat="29.69896" lon="-99.16801"/>
      <trkpt lat="29.69877" lon="-99.16817"/>
      <trkpt lat="29.69868" lon="-99.16825"/>
      <trkpt lat="29.69816" lon="-99.16869"/>
      <trkpt lat="29.6978" lon="-99.169"/>
      <trkpt lat="29.6976" lon="-99.16917"/>
      <trkpt lat="29.69716" lon="-99.16955"/>
      <trkpt lat="29.69699" lon="-99.1697"/>
      <trkpt lat="29.69673" lon="-99.16992"/>
      <trkpt lat="29.69629" lon="-99.1703"/>
      <trkpt lat="29.69556" lon="-99.17094"/>
      <trkpt lat="29.69537" lon="-99.1711"/>
      <trkpt lat="29.69518" lon="-99.17129"/>
      <trkpt lat="29.69481" lon="-99.17155"/>
      <trkpt lat="29.69453" lon="-99.17175"/>
      <trkpt lat="29.69418" lon="-99.17195"/>
      <trkpt lat="29.6941" lon="-99.17198"/>
      <trkpt lat="29.69374" lon="-99.17213"/>
      <trkpt lat="29.69325" lon="-99.17227"/>
      <trkpt lat="29.69285" lon="-99.17238"/>
      <trkpt lat="29.69171" lon="-99.17249"/>
      <trkpt lat="29.69086" lon="-99.17273"/>
      <trkpt lat="29.6906" lon="-99.17284"/>
      <trkpt lat="29.69035" lon="-99.17296"/>
      <trkpt lat="29.69006" lon="-99.17312"/>
      <trkpt lat="29.68969" lon="-99.17341"/>
      <trkpt lat="29.68958" lon="-99.17352"/>
      <trkpt lat="29.68934" lon="-99.17375"/>
      <trkpt lat="29.68903" lon="-99.17407"/>
      <trkpt lat="29.68827" lon="-99.17506"/>
      <trkpt lat="29.68697" lon="-99.17669"/>
      <trkpt lat="29.68598" lon="-99.17796"/>
      <trkpt lat="29.68587" lon="-99.1781"/>
      <trkpt lat="29.68516" lon="-99.17902"/>
      <trkpt lat="29.68439" lon="-99.17997"/>
      <trkpt lat="29.6839" lon="-99.18066"/>
      <trkpt lat="29.68378" lon="-99.18085"/>
      <trkpt lat="29.6836" lon="-99.18114"/>
      <trkpt lat="29.68331" lon="-99.1817"/>
      <trkpt lat="29.68308" lon="-99.18225"/>
      <trkpt lat="29.68283" lon="-99.18297"/>
      <trkpt lat="29.68271" lon="-99.18351"/>
      <trkpt lat="29.68265" lon="-99.18379"/>
      <trkpt lat="29.68258" lon="-99.18435"/>
      <trkpt lat="29.68255" lon="-99.18481"/>
      <trkpt lat="29.68254" lon="-99.18524"/>
      <trkpt lat="29.68258" lon="-99.18614"/>
      <trkpt lat="29.68261" lon="-99.1865"/>
      <trkpt lat="29.68287" lon="-99.19027"/>
      <trkpt lat="29.68295" lon="-99.19146"/>
      <trkpt lat="29.68295" lon="-99.19212"/>
      <trkpt lat="29.68291" lon="-99.1927"/>
      <trkpt lat="29.68287" lon="-99.19307"/>
      <trkpt lat="29.68281" lon="-99.19359"/>
      <trkpt lat="29.68274" lon="-99.19418"/>
      <trkpt lat="29.6827" lon="-99.19443"/>
      <trkpt lat="29.68246" lon="-99.19536"/>
      <trkpt lat="29.68217" lon="-99.19635"/>
      <trkpt lat="29.68182" lon="-99.19721"/>
      <trkpt lat="29.68164" lon="-99.19766"/>
      <trkpt lat="29.68116" lon="-99.19853"/>
      <trkpt lat="29.681" lon="-99.19883"/>
      <trkpt lat="29.68083" lon="-99.19922"/>
      <trkpt lat="29.68064" lon="-99.19967"/>
      <trkpt lat="29.68044" lon="-99.20024"/>
      <trkpt lat="29.68029" lon="-99.20077"/>
      <trkpt lat="29.68015" lon="-99.20133"/>
      <trkpt lat="29.67979" lon="-99.20296"/>
      <trkpt lat="29.67932" lon="-99.20509"/>
      <trkpt lat="29.67901" lon="-99.20657"/>
      <trkpt lat="29.67871" lon="-99.20802"/>
      <trkpt lat="29.67867" lon="-99.20822"/>
      <trkpt lat="29.67846" lon="-99.20912"/>
      <trkpt lat="29.67826" lon="-99.20982"/>
      <trkpt lat="29.67818" lon="-99.21005"/>
      <trkpt lat="29.67782" lon="-99.21098"/>
      <trkpt lat="29.67762" lon="-99.21141"/>
      <trkpt lat="29.677" lon="-99.21309"/>
      <trkpt lat="29.67688" lon="-99.21361"/>
      <trkpt lat="29.67676" lon="-99.21408"/>
      <trkpt lat="29.67666" lon="-99.21456"/>
      <trkpt lat="29.67658" lon="-99.21505"/>
      <trkpt lat="29.67652" lon="-99.21554"/>
      <trkpt lat="29.67649" lon="-99.21603"/>
      <trkpt lat="29.67645" lon="-99.21683"/>
      <trkpt lat="29.67641" lon="-99.218"/>
      <trkpt lat="29.67636" lon="-99.21856"/>
      <trkpt lat="29.67631" lon="-99.21891"/>
      <trkpt lat="29.67621" lon="-99.21961"/>
      <trkpt lat="29.67608" lon="-99.22034"/>
      <trkpt lat="29.67586" lon="-99.22109"/>
      <trkpt lat="29.67564" lon="-99.2218"/>
      <trkpt lat="29.67548" lon="-99.22215"/>
      <trkpt lat="29.67521" lon="-99.22284"/>
      <trkpt lat="29.67465" lon="-99.2239"/>
      <trkpt lat="29.67405" lon="-99.22495"/>
      <trkpt lat="29.6739" lon="-99.22524"/>
      <trkpt lat="29.67314" lon="-99.22666"/>
      <trkpt lat="29.67305" lon="-99.22681"/>
      <trkpt lat="29.67234" lon="-99.22803"/>
      <trkpt lat="29.67144" lon="-99.22967"/>
      <trkpt lat="29.67101" lon="-99.23044"/>
      <trkpt lat="29.67071" lon="-99.23099"/>
      <trkpt lat="29.6698" lon="-99.23265"/>
      <trkpt lat="29.66921" lon="-99.23372"/>
      <trkpt lat="29.66835" lon="-99.23534"/>
      <trkpt lat="29.66821" lon="-99.23572"/>
      <trkpt lat="29.66816" lon="-99.23585"/>
      <trkpt lat="29.66815" lon="-99.23589"/>
      <trkpt lat="29.66793" lon="-99.23657"/>
      <trkpt lat="29.66774" lon="-99.23726"/>
      <trkpt lat="29.66757" lon="-99.23787"/>
      <trkpt lat="29.6674" lon="-99.2385"/>
      <trkpt lat="29.66729" lon="-99.23896"/>
      <trkpt lat="29.66725" lon="-99.23913"/>
      <trkpt lat="29.66665" lon="-99.24128"/>
      <trkpt lat="29.66652" lon="-99.24179"/>
      <trkpt lat="29.6663" lon="-99.2426"/>
      <trkpt lat="29.66569" lon="-99.24577"/>
      <trkpt lat="29.66538" lon="-99.24722"/>
      <trkpt lat="29.66473" lon="-99.25034"/>
      <trkpt lat="29.66444" lon="-99.25177"/>
      <trkpt lat="29.66433" lon="-99.25231"/>
      <trkpt lat="29.66412" lon="-99.25332"/>
      <trkpt lat="29.66361" lon="-99.2558"/>
      <trkpt lat="29.66308" lon="-99.25854"/>
      <trkpt lat="29.66302" lon="-99.2589"/>
      <trkpt lat="29.663" lon="-99.25896"/>
      <trkpt lat="29.66277" lon="-99.25997"/>
      <trkpt lat="29.66274" lon="-99.26011"/>
      <trkpt lat="29.66262" lon="-99.26057"/>
      <trkpt lat="29.66219" lon="-99.26216"/>
      <trkpt lat="29.6619" lon="-99.26305"/>
      <trkpt lat="29.66155" lon="-99.26416"/>
      <trkpt lat="29.66144" lon="-99.26453"/>
      <trkpt lat="29.66134" lon="-99.26481"/>
      <trkpt lat="29.66096" lon="-99.266"/>
      <trkpt lat="29.66055" lon="-99.26733"/>
      <trkpt lat="29.66043" lon="-99.26771"/>
      <trkpt lat="29.65985" lon="-99.26952"/>
      <trkpt lat="29.65961" lon="-99.2702"/>
      <trkpt lat="29.6594" lon="-99.27077"/>
      <trkpt lat="29.65903" lon="-99.27198"/>
      <trkpt lat="29.65865" lon="-99.27326"/>
      <trkpt lat="29.65846" lon="-99.27382"/>
      <trkpt lat="29.65832" lon="-99.27423"/>
      <trkpt lat="29.6583" lon="-99.27433"/>
      <trkpt lat="29.65823" lon="-99.27462"/>
      <trkpt lat="29.65807" lon="-99.27514"/>
      <trkpt lat="29.65795" lon="-99.2756"/>
      <trkpt lat="29.65793" lon="-99.27574"/>
      <trkpt lat="29.65783" lon="-99.27608"/>
      <trkpt lat="29.65773" lon="-99.27645"/>
      <trkpt lat="29.6577" lon="-99.27652"/>
      <trkpt lat="29.65765" lon="-99.27661"/>
      <trkpt lat="29.65763" lon="-99.27663"/>
      <trkpt lat="29.65755" lon="-99.27662"/>
      <trkpt lat="29.65745" lon="-99.27663"/>
      <trkpt lat="29.65736" lon="-99.2766"/>
      <trkpt lat="29.65726" lon="-99.27654"/>
      <trkpt lat="29.65715" lon="-99.2765"/>
      <trkpt lat="29.65706" lon="-99.27647"/>
      <trkpt lat="29.65698" lon="-99.27685"/>
      <trkpt lat="29.65685" lon="-99.27748"/>
      <trkpt lat="29.65662" lon="-99.27859"/>
      <trkpt lat="29.65643" lon="-99.27949"/>
      <trkpt lat="29.65625" lon="-99.28057"/>
      <trkpt lat="29.65624" lon="-99.2806"/>
      <trkpt lat="29.65609" lon="-99.28116"/>
      <trkpt lat="29.65582" lon="-99.28222"/>
      <trkpt lat="29.65564" lon="-99.28281"/>
      <trkpt lat="29.65518" lon="-99.28436"/>
      <trkpt lat="29.65483" lon="-99.2855"/>
      <trkpt lat="29.65453" lon="-99.28647"/>
      <trkpt lat="29.65383" lon="-99.28867"/>
      <trkpt lat="29.65354" lon="-99.2896"/>
      <trkpt lat="29.65327" lon="-99.29042"/>
      <trkpt lat="29.65312" lon="-99.29094"/>
      <trkpt lat="29.65265" lon="-99.2924"/>
      <trkpt lat="29.6524" lon="-99.29329"/>
      <trkpt lat="29.65192" lon="-99.2949"/>
      <trkpt lat="29.65171" lon="-99.29557"/>
      <trkpt lat="29.65163" lon="-99.29581"/>
      <trkpt lat="29.65113" lon="-99.29734"/>
      <trkpt lat="29.6511" lon="-99.29743"/>
      <trkpt lat="29.65088" lon="-99.298"/>
      <trkpt lat="29.65061" lon="-99.29873"/>
      <trkpt lat="29.65037" lon="-99.29953"/>
      <trkpt lat="29.65017" lon="-99.3001"/>
      <trkpt lat="29.64989" lon="-99.30088"/>
      <trkpt lat="29.64976" lon="-99.30139"/>
      <trkpt lat="29.64968" lon="-99.30185"/>
      <trkpt lat="29.64969" lon="-99.30259"/>
      <trkpt lat="29.64976" lon="-99.3029"/>
      <trkpt lat="29.64991" lon="-99.3035"/>
      <trkpt lat="29.65129" lon="-99.30737"/>
      <trkpt lat="29.65158" lon="-99.30806"/>
      <trkpt lat="29.65166" lon="-99.30828"/>
      <trkpt lat="29.65182" lon="-99.3087"/>
      <trkpt lat="29.65218" lon="-99.30962"/>
      <trkpt lat="29.65311" lon="-99.31118"/>
      <trkpt lat="29.65324" lon="-99.3114"/>
      <trkpt lat="29.65485" lon="-99.31414"/>
      <trkpt lat="29.6552" lon="-99.31473"/>
      <trkpt lat="29.65533" lon="-99.31523"/>
      <trkpt lat="29.6554" lon="-99.31558"/>
      <trkpt lat="29.65546" lon="-99.31627"/>
      <trkpt lat="29.65569" lon="-99.31713"/>
      <trkpt lat="29.65608" lon="-99.31791"/>
      <trkpt lat="29.65615" lon="-99.31823"/>
      <trkpt lat="29.65618" lon="-99.3185"/>
      <trkpt lat="29.65621" lon="-99.31893"/>
      <trkpt lat="29.65622" lon="-99.31905"/>
      <trkpt lat="29.65629" lon="-99.32036"/>
      <trkpt lat="29.6564" lon="-99.32229"/>
      <trkpt lat="29.65653" lon="-99.32297"/>
      <trkpt lat="29.65689" lon="-99.32451"/>
      <trkpt lat="29.65701" lon="-99.32496"/>
      <trkpt lat="29.65714" lon="-99.3252"/>
      <trkpt lat="29.65734" lon="-99.32545"/>
      <trkpt lat="29.65763" lon="-99.32563"/>
      <trkpt lat="29.65786" lon="-99.32576"/>
      <trkpt lat="29.65839" lon="-99.32604"/>
      <trkpt lat="29.65916" lon="-99.32653"/>
      <trkpt lat="29.66039" lon="-99.32743"/>
      <trkpt lat="29.66169" lon="-99.32823"/>
      <trkpt lat="29.6623" lon="-99.32867"/>
      <trkpt lat="29.66285" lon="-99.32897"/>
      <trkpt lat="29.66376" lon="-99.32937"/>
      <trkpt lat="29.66415" lon="-99.32955"/>
      <trkpt lat="29.66436" lon="-99.32964"/>
      <trkpt lat="29.66557" lon="-99.33012"/>
      <trkpt lat="29.66574" lon="-99.33019"/>
      <trkpt lat="29.66602" lon="-99.33035"/>
      <trkpt lat="29.66604" lon="-99.33036"/>
      <trkpt lat="29.66625" lon="-99.33048"/>
      <trkpt lat="29.66673" lon="-99.33082"/>
      <trkpt lat="29.66722" lon="-99.3313"/>
      <trkpt lat="29.66793" lon="-99.33207"/>
      <trkpt lat="29.66923" lon="-99.33346"/>
      <trkpt lat="29.66943" lon="-99.33373"/>
      <trkpt lat="29.66958" lon="-99.33407"/>
      <trkpt lat="29.66968" lon="-99.33448"/>
      <trkpt lat="29.66971" lon="-99.33551"/>
      <trkpt lat="29.66972" lon="-99.33656"/>
      <trkpt lat="29.66974" lon="-99.3375"/>
      <trkpt lat="29.66974" lon="-99.33761"/>
      <trkpt lat="29.66975" lon="-99.33847"/>
      <trkpt lat="29.66984" lon="-99.3389"/>
      <trkpt lat="29.6701" lon="-99.33934"/>
      <trkpt lat="29.67033" lon="-99.33983"/>
      <trkpt lat="29.67041" lon="-99.34023"/>
      <trkpt lat="29.67041" lon="-99.34062"/>
      <trkpt lat="29.67031" lon="-99.34126"/>
      <trkpt lat="29.67025" lon="-99.34216"/>
      <trkpt lat="29.67019" lon="-99.34274"/>
      <trkpt lat="29.67013" lon="-99.34304"/>
      <trkpt lat="29.67001" lon="-99.34332"/>
      <trkpt lat="29.66983" lon="-99.34356"/>
      <trkpt lat="29.66898" lon="-99.34477"/>
      <trkpt lat="29.66855" lon="-99.34539"/>
      <trkpt lat="29.66814" lon="-99.34599"/>
      <trkpt lat="29.66795" lon="-99.34635"/>
      <trkpt lat="29.66792" lon="-99.34686"/>
      <trkpt lat="29.66805" lon="-99.34776"/>
      <trkpt lat="29.66825" lon="-99.349"/>
      <trkpt lat="29.66828" lon="-99.34919"/>
      <trkpt lat="29.66838" lon="-99.34959"/>
      <trkpt lat="29.66855" lon="-99.34993"/>
      <trkpt lat="29.66871" lon="-99.35014"/>
      <trkpt lat="29.66878" lon="-99.35025"/>
      <trkpt lat="29.66926" lon="-99.35076"/>
      <trkpt lat="29.66954" lon="-99.35106"/>
      <trkpt lat="29.67021" lon="-99.35181"/>
      <trkpt lat="29.67049" lon="-99.35213"/>
      <trkpt lat="29.67071" lon="-99.35238"/>
      <trkpt lat="29.67134" lon="-99.35306"/>
      <trkpt lat="29.672" lon="-99.35384"/>
      <trkpt lat="29.67221" lon="-99.35412"/>
      <trkpt lat="29.67249" lon="-99.35451"/>
      <trkpt lat="29.67287" lon="-99.35511"/>
      <trkpt lat="29.67338" lon="-99.35585"/>
      <trkpt lat="29.67372" lon="-99.35636"/>
      <trkpt lat="29.67373" lon="-99.3564"/>
      <trkpt lat="29.67386" lon="-99.35674"/>
      <trkpt lat="29.67395" lon="-99.357"/>
      <trkpt lat="29.67402" lon="-99.3572"/>
      <trkpt lat="29.67413" lon="-99.35751"/>
      <trkpt lat="29.67432" lon="-99.35828"/>
      <trkpt lat="29.67441" lon="-99.35851"/>
      <trkpt lat="29.67462" lon="-99.35907"/>
      <trkpt lat="29.6747" lon="-99.35928"/>
      <trkpt lat="29.67485" lon="-99.35968"/>
      <trkpt lat="29.67566" lon="-99.36146"/>
      <trkpt lat="29.67689" lon="-99.36372"/>
      <trkpt lat="29.67734" lon="-99.36459"/>
      <trkpt lat="29.67742" lon="-99.36474"/>
      <trkpt lat="29.67763" lon="-99.36524"/>
      <trkpt lat="29.67794" lon="-99.36611"/>
      <trkpt lat="29.67813" lon="-99.36659"/>
      <trkpt lat="29.67838" lon="-99.36696"/>
      <trkpt lat="29.67921" lon="-99.36802"/>
      <trkpt lat="29.6797" lon="-99.36856"/>
      <trkpt lat="29.67998" lon="-99.36896"/>
      <trkpt lat="29.68018" lon="-99.36948"/>
      <trkpt lat="29.68027" lon="-99.36976"/>
      <trkpt lat="29.68041" lon="-99.37024"/>
      <trkpt lat="29.68051" lon="-99.37098"/>
      <trkpt lat="29.68045" lon="-99.37148"/>
      <trkpt lat="29.68034" lon="-99.37202"/>
      <trkpt lat="29.6803" lon="-99.37246"/>
      <trkpt lat="29.68032" lon="-99.37282"/>
      <trkpt lat="29.68042" lon="-99.37356"/>
      <trkpt lat="29.6804" lon="-99.37391"/>
      <trkpt lat="29.68026" lon="-99.37437"/>
      <trkpt lat="29.68013" lon="-99.37488"/>
      <trkpt lat="29.68006" lon="-99.37533"/>
      <trkpt lat="29.67989" lon="-99.37644"/>
      <trkpt lat="29.6799" lon="-99.37674"/>
      <trkpt lat="29.67992" lon="-99.37681"/>
      <trkpt lat="29.67994" lon="-99.37691"/>
      <trkpt lat="29.68011" lon="-99.37767"/>
      <trkpt lat="29.6805" lon="-99.37929"/>
      <trkpt lat="29.6807" lon="-99.37961"/>
      <trkpt lat="29.68181" lon="-99.38132"/>
      <trkpt lat="29.68223" lon="-99.38222"/>
      <trkpt lat="29.68306" lon="-99.38441"/>
      <trkpt lat="29.68334" lon="-99.38529"/>
      <trkpt lat="29.68337" lon="-99.38583"/>
      <trkpt lat="29.68318" lon="-99.38699"/>
      <trkpt lat="29.68276" lon="-99.38757"/>
      <trkpt lat="29.68259" lon="-99.38791"/>
      <trkpt lat="29.68236" lon="-99.38833"/>
      <trkpt lat="29.68228" lon="-99.38859"/>
      <trkpt lat="29.68227" lon="-99.38872"/>
      <trkpt lat="29.68225" lon="-99.38891"/>
      <trkpt lat="29.68222" lon="-99.38923"/>
      <trkpt lat="29.68203" lon="-99.38951"/>
      <trkpt lat="29.68175" lon="-99.3897"/>
      <trkpt lat="29.68146" lon="-99.38975"/>
      <trkpt lat="29.68101" lon="-99.38966"/>
      <trkpt lat="29.68052" lon="-99.38957"/>
      <trkpt lat="29.67994" lon="-99.38945"/>
      <trkpt lat="29.67965" lon="-99.38949"/>
      <trkpt lat="29.67927" lon="-99.38968"/>
      <trkpt lat="29.67877" lon="-99.39017"/>
      <trkpt lat="29.6776" lon="-99.3913"/>
      <trkpt lat="29.67707" lon="-99.39161"/>
      <trkpt lat="29.67672" lon="-99.39191"/>
      <trkpt lat="29.67647" lon="-99.39228"/>
      <trkpt lat="29.67633" lon="-99.3928"/>
      <trkpt lat="29.67631" lon="-99.39336"/>
      <trkpt lat="29.67653" lon="-99.39449"/>
      <trkpt lat="29.67685" lon="-99.39518"/>
      <trkpt lat="29.67735" lon="-99.396"/>
      <trkpt lat="29.67788" lon="-99.39695"/>
      <trkpt lat="29.67794" lon="-99.39706"/>
      <trkpt lat="29.67837" lon="-99.39792"/>
      <trkpt lat="29.67877" lon="-99.39879"/>
      <trkpt lat="29.67886" lon="-99.39907"/>
      <trkpt lat="29.67897" lon="-99.39939"/>
      <trkpt lat="29.67902" lon="-99.39989"/>
      <trkpt lat="29.67883" lon="-99.40043"/>
      <trkpt lat="29.67855" lon="-99.40103"/>
      <trkpt lat="29.67826" lon="-99.40162"/>
      <trkpt lat="29.67691" lon="-99.40442"/>
      <trkpt lat="29.67605" lon="-99.40613"/>
      <trkpt lat="29.67577" lon="-99.40667"/>
      <trkpt lat="29.67539" lon="-99.4076"/>
      <trkpt lat="29.67448" lon="-99.40979"/>
      <trkpt lat="29.6733" lon="-99.41263"/>
      <trkpt lat="29.67183" lon="-99.4161"/>
      <trkpt lat="29.6713" lon="-99.41732"/>
      <trkpt lat="29.67115" lon="-99.41795"/>
      <trkpt lat="29.67081" lon="-99.41943"/>
      <trkpt lat="29.67054" lon="-99.41997"/>
      <trkpt lat="29.67038" lon="-99.42024"/>
      <trkpt lat="29.67018" lon="-99.42057"/>
      <trkpt lat="29.66913" lon="-99.42197"/>
      <trkpt lat="29.66849" lon="-99.42278"/>
      <trkpt lat="29.66798" lon="-99.4233"/>
      <trkpt lat="29.66768" lon="-99.42353"/>
      <trkpt lat="29.66764" lon="-99.42356"/>
      <trkpt lat="29.66747" lon="-99.4237"/>
      <trkpt lat="29.66655" lon="-99.42413"/>
      <trkpt lat="29.66585" lon="-99.42444"/>
      <trkpt lat="29.6655" lon="-99.4246"/>
      <trkpt lat="29.6651" lon="-99.42488"/>
      <trkpt lat="29.66488" lon="-99.42507"/>
      <trkpt lat="29.66461" lon="-99.42541"/>
      <trkpt lat="29.66442" lon="-99.42574"/>
      <trkpt lat="29.66404" lon="-99.42641"/>
      <trkpt lat="29.66363" lon="-99.42719"/>
      <trkpt lat="29.66348" lon="-99.42759"/>
      <trkpt lat="29.66336" lon="-99.42802"/>
      <trkpt lat="29.66331" lon="-99.42829"/>
      <trkpt lat="29.66327" lon="-99.42884"/>
      <trkpt lat="29.66326" lon="-99.42974"/>
      <trkpt lat="29.66326" lon="-99.42991"/>
      <trkpt lat="29.66328" lon="-99.43126"/>
      <trkpt lat="29.66335" lon="-99.43361"/>
      <trkpt lat="29.66337" lon="-99.43433"/>
      <trkpt lat="29.66346" lon="-99.43833"/>
      <trkpt lat="29.66352" lon="-99.44163"/>
      <trkpt lat="29.66359" lon="-99.445"/>
      <trkpt lat="29.66361" lon="-99.44802"/>
      <trkpt lat="29.66338" lon="-99.45003"/>
      <trkpt lat="29.66321" lon="-99.45076"/>
      <trkpt lat="29.66285" lon="-99.45146"/>
      <trkpt lat="29.66215" lon="-99.4527"/>
      <trkpt lat="29.66053" lon="-99.45547"/>
      <trkpt lat="29.65993" lon="-99.45655"/>
      <trkpt lat="29.65976" lon="-99.45695"/>
      <trkpt lat="29.65962" lon="-99.45746"/>
      <trkpt lat="29.65962" lon="-99.45748"/>
      <trkpt lat="29.65951" lon="-99.458"/>
      <trkpt lat="29.65936" lon="-99.45862"/>
      <trkpt lat="29.65876" lon="-99.46108"/>
      <trkpt lat="29.65842" lon="-99.46266"/>
      <trkpt lat="29.65824" lon="-99.46318"/>
      <trkpt lat="29.65796" lon="-99.46384"/>
      <trkpt lat="29.65677" lon="-99.46592"/>
      <trkpt lat="29.65541" lon="-99.46825"/>
      <trkpt lat="29.65473" lon="-99.46951"/>
      <trkpt lat="29.6545" lon="-99.46998"/>
      <trkpt lat="29.65422" lon="-99.47068"/>
      <trkpt lat="29.65315" lon="-99.47304"/>
      <trkpt lat="29.65208" lon="-99.47554"/>
      <trkpt lat="29.6513" lon="-99.47731"/>
      <trkpt lat="29.64993" lon="-99.48034"/>
      <trkpt lat="29.64864" lon="-99.48322"/>
      <trkpt lat="29.64809" lon="-99.48449"/>
      <trkpt lat="29.64739" lon="-99.48609"/>
      <trkpt lat="29.64643" lon="-99.48834"/>
      <trkpt lat="29.64632" lon="-99.48859"/>
      <trkpt lat="29.64622" lon="-99.48885"/>
      <trkpt lat="29.64614" lon="-99.48905"/>
      <trkpt lat="29.64587" lon="-99.48986"/>
      <trkpt lat="29.64576" lon="-99.49047"/>
      <trkpt lat="29.64572" lon="-99.49086"/>
      <trkpt lat="29.64568" lon="-99.4913"/>
      <trkpt lat="29.64569" lon="-99.49235"/>
      <trkpt lat="29.64569" lon="-99.49563"/>
      <trkpt lat="29.6457" lon="-99.4968"/>
      <trkpt lat="29.64572" lon="-99.4996"/>
      <trkpt lat="29.64575" lon="-99.50466"/>
      <trkpt lat="29.64576" lon="-99.5061"/>
      <trkpt lat="29.64576" lon="-99.50759"/>
      <trkpt lat="29.64576" lon="-99.50789"/>
      <trkpt lat="29.64576" lon="-99.50847"/>
      <trkpt lat="29.64577" lon="-99.51"/>
      <trkpt lat="29.64578" lon="-99.51335"/>
      <trkpt lat="29.64578" lon="-99.51586"/>
      <trkpt lat="29.64579" lon="-99.51862"/>
      <trkpt lat="29.6458" lon="-99.52046"/>
      <trkpt lat="29.64576" lon="-99.52093"/>
      <trkpt lat="29.64567" lon="-99.52144"/>
      <trkpt lat="29.64563" lon="-99.52165"/>
      <trkpt lat="29.64557" lon="-99.52188"/>
      <trkpt lat="29.64556" lon="-99.52193"/>
      <trkpt lat="29.64552" lon="-99.52204"/>
      <trkpt lat="29.64545" lon="-99.52217"/>
      <trkpt lat="29.64542" lon="-99.52223"/>
      <trkpt lat="29.6453" lon="-99.52214"/>
      <trkpt lat="29.64516" lon="-99.52209"/>
      <trkpt lat="29.64503" lon="-99.52205"/>
      <trkpt lat="29.64489" lon="-99.52204"/>
      <trkpt lat="29.64263" lon="-99.52208"/>
      <trkpt lat="29.64082" lon="-99.52206"/>
      <trkpt lat="29.64048" lon="-99.52207"/>
      <trkpt lat="29.63495" lon="-99.52216"/>
      <trkpt lat="29.63086" lon="-99.52221"/>
      <trkpt lat="29.62819" lon="-99.52227"/>
      <trkpt lat="29.62795" lon="-99.5223"/>
      <trkpt lat="29.62779" lon="-99.52235"/>
      <trkpt lat="29.62762" lon="-99.52244"/>
      <trkpt lat="29.62749" lon="-99.52252"/>
      <trkpt lat="29.62735" lon="-99.52267"/>
      <trkpt lat="29.62727" lon="-99.5228"/>
      <trkpt lat="29.62719" lon="-99.52301"/>
      <trkpt lat="29.62716" lon="-99.52321"/>
      <trkpt lat="29.62714" lon="-99.52611"/>
      <trkpt lat="29.6271" lon="-99.52631"/>
      <trkpt lat="29.62703" lon="-99.5265"/>
      <trkpt lat="29.6269" lon="-99.52669"/>
      <trkpt lat="29.62675" lon="-99.52682"/>
      <trkpt lat="29.62662" lon="-99.52689"/>
      <trkpt lat="29.62643" lon="-99.52695"/>
      <trkpt lat="29.62626" lon="-99.52697"/>
      <trkpt lat="29.6252" lon="-99.52696"/>
      <trkpt lat="29.62397" lon="-99.52697"/>
      <trkpt lat="29.62227" lon="-99.52699"/>
      <trkpt lat="29.62187" lon="-99.527"/>
      <trkpt lat="29.6218" lon="-99.527"/>
      <trkpt lat="29.62113" lon="-99.527"/>
      <trkpt lat="29.6203" lon="-99.52701"/>
      <trkpt lat="29.61895" lon="-99.52704"/>
      <trkpt lat="29.61764" lon="-99.52706"/>
      <trkpt lat="29.61689" lon="-99.52707"/>
      <trkpt lat="29.61596" lon="-99.52709"/>
      <trkpt lat="29.61596" lon="-99.52693"/>
      <trkpt lat="29.61593" lon="-99.52617"/>
      <trkpt lat="29.61548" lon="-99.52615"/>
      <trkpt lat="29.61516" lon="-99.52616"/>
      <trkpt lat="29.61517" lon="-99.52699"/>
      <trkpt lat="29.61517" lon="-99.52711"/>
      <trkpt lat="29.61418" lon="-99.52712"/>
      <trkpt lat="29.6134" lon="-99.52712"/>
      <trkpt lat="29.61339" lon="-99.52822"/>
      <trkpt lat="29.61338" lon="-99.52854"/>
      <trkpt lat="29.61331" lon="-99.52871"/>
      <trkpt lat="29.61325" lon="-99.52883"/>
      <trkpt lat="29.61322" lon="-99.52886"/>
      <trkpt lat="29.61311" lon="-99.52898"/>
      <trkpt lat="29.61295" lon="-99.52909"/>
      <trkpt lat="29.61232" lon="-99.52943"/>
      <trkpt lat="29.61207" lon="-99.52957"/>
      <trkpt lat="29.6117" lon="-99.52979"/>
      <trkpt lat="29.61133" lon="-99.53009"/>
      <trkpt lat="29.6113" lon="-99.53012"/>
      <trkpt lat="29.61108" lon="-99.53034"/>
      <trkpt lat="29.61091" lon="-99.53061"/>
      <trkpt lat="29.61075" lon="-99.53087"/>
      <trkpt lat="29.61058" lon="-99.5312"/>
      <trkpt lat="29.61052" lon="-99.53131"/>
      <trkpt lat="29.61014" lon="-99.53202"/>
      <trkpt lat="29.60992" lon="-99.53245"/>
      <trkpt lat="29.60968" lon="-99.53283"/>
      <trkpt lat="29.60937" lon="-99.53329"/>
      <trkpt lat="29.60911" lon="-99.53366"/>
      <trkpt lat="29.60891" lon="-99.53393"/>
      <trkpt lat="29.60865" lon="-99.53424"/>
      <trkpt lat="29.60809" lon="-99.53486"/>
      <trkpt lat="29.60795" lon="-99.535"/>
      <trkpt lat="29.60778" lon="-99.53518"/>
      <trkpt lat="29.60774" lon="-99.53523"/>
      <trkpt lat="29.60719" lon="-99.53578"/>
      <trkpt lat="29.60669" lon="-99.53627"/>
      <trkpt lat="29.60579" lon="-99.53716"/>
      <trkpt lat="29.60552" lon="-99.53744"/>
      <trkpt lat="29.60516" lon="-99.53791"/>
      <trkpt lat="29.60499" lon="-99.53817"/>
      <trkpt lat="29.60476" lon="-99.53853"/>
      <trkpt lat="29.60458" lon="-99.53892"/>
      <trkpt lat="29.60449" lon="-99.53918"/>
      <trkpt lat="29.60442" lon="-99.53937"/>
      <trkpt lat="29.6043" lon="-99.5398"/>
      <trkpt lat="29.6042" lon="-99.54019"/>
      <trkpt lat="29.60411" lon="-99.54068"/>
      <trkpt lat="29.60406" lon="-99.54099"/>
      <trkpt lat="29.60384" lon="-99.54267"/>
      <trkpt lat="29.60378" lon="-99.54303"/>
      <trkpt lat="29.60369" lon="-99.54347"/>
      <trkpt lat="29.60346" lon="-99.54446"/>
      <trkpt lat="29.60334" lon="-99.5449"/>
      <trkpt lat="29.60316" lon="-99.5455"/>
      <trkpt lat="29.60293" lon="-99.54618"/>
      <trkpt lat="29.6027" lon="-99.54678"/>
      <trkpt lat="29.60252" lon="-99.54719"/>
      <trkpt lat="29.60233" lon="-99.54761"/>
      <trkpt lat="29.60223" lon="-99.54785"/>
      <trkpt lat="29.60138" lon="-99.54967"/>
      <trkpt lat="29.60039" lon="-99.55182"/>
      <trkpt lat="29.60009" lon="-99.55244"/>
      <trkpt lat="29.59975" lon="-99.5533"/>
      <trkpt lat="29.59962" lon="-99.5537"/>
      <trkpt lat="29.5995" lon="-99.55413"/>
      <trkpt lat="29.5994" lon="-99.55453"/>
      <trkpt lat="29.59932" lon="-99.55484"/>
      <trkpt lat="29.59932" lon="-99.55487"/>
      <trkpt lat="29.59924" lon="-99.55541"/>
      <trkpt lat="29.59917" lon="-99.55611"/>
      <trkpt lat="29.59916" lon="-99.55652"/>
      <trkpt lat="29.59915" lon="-99.55859"/>
      <trkpt lat="29.59915" lon="-99.5622"/>
      <trkpt lat="29.59916" lon="-99.56334"/>
      <trkpt lat="29.59917" lon="-99.56502"/>
      <trkpt lat="29.5992" lon="-99.56701"/>
      <trkpt lat="29.59921" lon="-99.56765"/>
      <trkpt lat="29.59922" lon="-99.56785"/>
      <trkpt lat="29.59927" lon="-99.57305"/>
      <trkpt lat="29.59929" lon="-99.57342"/>
      <trkpt lat="29.59934" lon="-99.57387"/>
      <trkpt lat="29.59942" lon="-99.5743"/>
      <trkpt lat="29.59947" lon="-99.57459"/>
      <trkpt lat="29.59954" lon="-99.57486"/>
      <trkpt lat="29.59963" lon="-99.57517"/>
      <trkpt lat="29.59978" lon="-99.5756"/>
      <trkpt lat="29.60007" lon="-99.57634"/>
      <trkpt lat="29.60009" lon="-99.57639"/>
      <trkpt lat="29.60037" lon="-99.57694"/>
      <trkpt lat="29.60058" lon="-99.57741"/>
      <trkpt lat="29.60077" lon="-99.57774"/>
      <trkpt lat="29.60099" lon="-99.57804"/>
      <trkpt lat="29.60122" lon="-99.57832"/>
      <trkpt lat="29.6015" lon="-99.57864"/>
      <trkpt lat="29.6017" lon="-99.57887"/>
      <trkpt lat="29.60202" lon="-99.57912"/>
      <trkpt lat="29.60236" lon="-99.57938"/>
      <trkpt lat="29.60263" lon="-99.57955"/>
      <trkpt lat="29.60324" lon="-99.5799"/>
      <trkpt lat="29.60381" lon="-99.58024"/>
      <trkpt lat="29.6042" lon="-99.58054"/>
      <trkpt lat="29.60442" lon="-99.58072"/>
      <trkpt lat="29.60493" lon="-99.58119"/>
      <trkpt lat="29.60517" lon="-99.58147"/>
      <trkpt lat="29.60574" lon="-99.58225"/>
      <trkpt lat="29.60606" lon="-99.58274"/>
      <trkpt lat="29.60627" lon="-99.58306"/>
      <trkpt lat="29.60641" lon="-99.58335"/>
      <trkpt lat="29.60658" lon="-99.5838"/>
      <trkpt lat="29.60676" lon="-99.58435"/>
      <trkpt lat="29.60682" lon="-99.5848"/>
      <trkpt lat="29.60687" lon="-99.58549"/>
      <trkpt lat="29.6069" lon="-99.58599"/>
      <trkpt lat="29.60689" lon="-99.58646"/>
      <trkpt lat="29.60688" lon="-99.58668"/>
      <trkpt lat="29.60687" lon="-99.58695"/>
      <trkpt lat="29.60681" lon="-99.58738"/>
      <trkpt lat="29.60674" lon="-99.58778"/>
      <trkpt lat="29.60658" lon="-99.58827"/>
      <trkpt lat="29.60642" lon="-99.58867"/>
      <trkpt lat="29.60627" lon="-99.58896"/>
      <trkpt lat="29.60597" lon="-99.5896"/>
      <trkpt lat="29.60505" lon="-99.59135"/>
      <trkpt lat="29.60468" lon="-99.59209"/>
      <trkpt lat="29.60445" lon="-99.59242"/>
      <trkpt lat="29.60412" lon="-99.59277"/>
      <trkpt lat="29.60391" lon="-99.59294"/>
      <trkpt lat="29.60362" lon="-99.59313"/>
      <trkpt lat="29.60331" lon="-99.59327"/>
      <trkpt lat="29.60247" lon="-99.59356"/>
      <trkpt lat="29.6022" lon="-99.59364"/>
      <trkpt lat="29.60183" lon="-99.59367"/>
      <trkpt lat="29.60151" lon="-99.59367"/>
      <trkpt lat="29.60111" lon="-99.59369"/>
      <trkpt lat="29.60078" lon="-99.59374"/>
      <trkpt lat="29.60052" lon="-99.59384"/>
      <trkpt lat="29.60014" lon="-99.59404"/>
      <trkpt lat="29.59986" lon="-99.59421"/>
      <trkpt lat="29.59964" lon="-99.5943"/>
      <trkpt lat="29.59945" lon="-99.59435"/>
      <trkpt lat="29.59891" lon="-99.59439"/>
      <trkpt lat="29.59865" lon="-99.59447"/>
      <trkpt lat="29.59835" lon="-99.59466"/>
      <trkpt lat="29.59816" lon="-99.59489"/>
      <trkpt lat="29.59799" lon="-99.59513"/>
      <trkpt lat="29.59788" lon="-99.59538"/>
      <trkpt lat="29.59783" lon="-99.59556"/>
      <trkpt lat="29.5978" lon="-99.59576"/>
      <trkpt lat="29.59777" lon="-99.5962"/>
      <trkpt lat="29.59774" lon="-99.5964"/>
      <trkpt lat="29.59766" lon="-99.59662"/>
      <trkpt lat="29.59746" lon="-99.59694"/>
      <trkpt lat="29.59727" lon="-99.59719"/>
      <trkpt lat="29.59705" lon="-99.59742"/>
      <trkpt lat="29.59689" lon="-99.59762"/>
      <trkpt lat="29.59674" lon="-99.59785"/>
      <trkpt lat="29.5966" lon="-99.59808"/>
      <trkpt lat="29.5965" lon="-99.59828"/>
      <trkpt lat="29.59636" lon="-99.59857"/>
      <trkpt lat="29.59626" lon="-99.59891"/>
      <trkpt lat="29.5962" lon="-99.59921"/>
      <trkpt lat="29.59616" lon="-99.59953"/>
      <trkpt lat="29.59615" lon="-99.59984"/>
      <trkpt lat="29.59616" lon="-99.59992"/>
      <trkpt lat="29.59617" lon="-99.60012"/>
      <trkpt lat="29.59619" lon="-99.60035"/>
      <trkpt lat="29.59625" lon="-99.60063"/>
      <trkpt lat="29.59634" lon="-99.60097"/>
      <trkpt lat="29.59646" lon="-99.60127"/>
      <trkpt lat="29.5966" lon="-99.6016"/>
      <trkpt lat="29.59775" lon="-99.60377"/>
      <trkpt lat="29.59816" lon="-99.60455"/>
      <trkpt lat="29.59849" lon="-99.60533"/>
      <trkpt lat="29.59862" lon="-99.60572"/>
      <trkpt lat="29.59874" lon="-99.60623"/>
      <trkpt lat="29.59881" lon="-99.60669"/>
      <trkpt lat="29.59885" lon="-99.60723"/>
      <trkpt lat="29.59886" lon="-99.60768"/>
      <trkpt lat="29.59884" lon="-99.60816"/>
      <trkpt lat="29.59879" lon="-99.60864"/>
      <trkpt lat="29.59868" lon="-99.60923"/>
      <trkpt lat="29.59858" lon="-99.6099"/>
      <trkpt lat="29.59852" lon="-99.61024"/>
      <trkpt lat="29.59848" lon="-99.61056"/>
      <trkpt lat="29.59842" lon="-99.61097"/>
      <trkpt lat="29.59841" lon="-99.61109"/>
      <trkpt lat="29.59836" lon="-99.6116"/>
      <trkpt lat="29.59833" lon="-99.61199"/>
      <trkpt lat="29.59832" lon="-99.61206"/>
      <trkpt lat="29.5983" lon="-99.61255"/>
      <trkpt lat="29.5983" lon="-99.61373"/>
      <trkpt lat="29.59831" lon="-99.61381"/>
      <trkpt lat="29.59833" lon="-99.61454"/>
      <trkpt lat="29.59838" lon="-99.6152"/>
      <trkpt lat="29.59843" lon="-99.61553"/>
      <trkpt lat="29.59856" lon="-99.61618"/>
      <trkpt lat="29.59857" lon="-99.61621"/>
      <trkpt lat="29.59866" lon="-99.6165"/>
      <trkpt lat="29.59917" lon="-99.61774"/>
      <trkpt lat="29.59934" lon="-99.6182"/>
      <trkpt lat="29.59951" lon="-99.61875"/>
      <trkpt lat="29.59963" lon="-99.6193"/>
      <trkpt lat="29.5997" lon="-99.61983"/>
      <trkpt lat="29.59977" lon="-99.62046"/>
      <trkpt lat="29.59981" lon="-99.62101"/>
      <trkpt lat="29.59985" lon="-99.62177"/>
      <trkpt lat="29.59983" lon="-99.62223"/>
      <trkpt lat="29.59979" lon="-99.62272"/>
      <trkpt lat="29.59971" lon="-99.6231"/>
      <trkpt lat="29.59956" lon="-99.62374"/>
      <trkpt lat="29.59935" lon="-99.62437"/>
      <trkpt lat="29.5992" lon="-99.62527"/>
      <trkpt lat="29.59897" lon="-99.62575"/>
      <trkpt lat="29.59881" lon="-99.62611"/>
      <trkpt lat="29.59864" lon="-99.62666"/>
      <trkpt lat="29.59851" lon="-99.62713"/>
      <trkpt lat="29.59837" lon="-99.62773"/>
      <trkpt lat="29.59828" lon="-99.62821"/>
      <trkpt lat="29.59818" lon="-99.62877"/>
      <trkpt lat="29.59804" lon="-99.62976"/>
      <trkpt lat="29.59792" lon="-99.63128"/>
      <trkpt lat="29.59793" lon="-99.6334"/>
      <trkpt lat="29.59793" lon="-99.63447"/>
      <trkpt lat="29.59792" lon="-99.6349"/>
      <trkpt lat="29.5979" lon="-99.63542"/>
      <trkpt lat="29.59786" lon="-99.63599"/>
      <trkpt lat="29.59775" lon="-99.63766"/>
      <trkpt lat="29.59746" lon="-99.63988"/>
      <trkpt lat="29.59741" lon="-99.64025"/>
      <trkpt lat="29.59729" lon="-99.64109"/>
      <trkpt lat="29.59719" lon="-99.64166"/>
      <trkpt lat="29.59692" lon="-99.64275"/>
      <trkpt lat="29.59619" lon="-99.64525"/>
      <trkpt lat="29.59595" lon="-99.6462"/>
      <trkpt lat="29.59584" lon="-99.64684"/>
      <trkpt lat="29.5958" lon="-99.64721"/>
      <trkpt lat="29.59577" lon="-99.64758"/>
      <trkpt lat="29.59576" lon="-99.64799"/>
      <trkpt lat="29.59575" lon="-99.6484"/>
      <trkpt lat="29.59578" lon="-99.64894"/>
      <trkpt lat="29.59582" lon="-99.64962"/>
      <trkpt lat="29.59589" lon="-99.65025"/>
      <trkpt lat="29.59613" lon="-99.65289"/>
      <trkpt lat="29.59619" lon="-99.6536"/>
      <trkpt lat="29.59622" lon="-99.65419"/>
      <trkpt lat="29.59624" lon="-99.65511"/>
      <trkpt lat="29.59623" lon="-99.6556"/>
      <trkpt lat="29.59623" lon="-99.65587"/>
      <trkpt lat="29.59618" lon="-99.65684"/>
      <trkpt lat="29.59612" lon="-99.65771"/>
      <trkpt lat="29.59608" lon="-99.65835"/>
      <trkpt lat="29.59607" lon="-99.65875"/>
      <trkpt lat="29.59607" lon="-99.6593"/>
      <trkpt lat="29.5961" lon="-99.66012"/>
      <trkpt lat="29.59611" lon="-99.66102"/>
      <trkpt lat="29.59614" lon="-99.66186"/>
      <trkpt lat="29.59612" lon="-99.66216"/>
      <trkpt lat="29.5961" lon="-99.66266"/>
      <trkpt lat="29.59595" lon="-99.66573"/>
      <trkpt lat="29.59592" lon="-99.66648"/>
      <trkpt lat="29.59588" lon="-99.66721"/>
      <trkpt lat="29.59584" lon="-99.66812"/>
      <trkpt lat="29.59579" lon="-99.66958"/>
      <trkpt lat="29.59578" lon="-99.67012"/>
      <trkpt lat="29.59585" lon="-99.67073"/>
      <trkpt lat="29.59592" lon="-99.67104"/>
      <trkpt lat="29.59606" lon="-99.67167"/>
      <trkpt lat="29.59624" lon="-99.67217"/>
      <trkpt lat="29.59631" lon="-99.67236"/>
      <trkpt lat="29.59654" lon="-99.67285"/>
      <trkpt lat="29.59686" lon="-99.67339"/>
      <trkpt lat="29.59752" lon="-99.6742"/>
      <trkpt lat="29.59802" lon="-99.67478"/>
      <trkpt lat="29.59844" lon="-99.67525"/>
      <trkpt lat="29.59865" lon="-99.67541"/>
      <trkpt lat="29.59879" lon="-99.6755"/>
      <trkpt lat="29.59893" lon="-99.67557"/>
      <trkpt lat="29.59908" lon="-99.67563"/>
      <trkpt lat="29.5993" lon="-99.67569"/>
      <trkpt lat="29.59943" lon="-99.67579"/>
      <trkpt lat="29.59961" lon="-99.67598"/>
      <trkpt lat="29.6002" lon="-99.67686"/>
      <trkpt lat="29.60058" lon="-99.67745"/>
      <trkpt lat="29.60074" lon="-99.67781"/>
      <trkpt lat="29.60078" lon="-99.67821"/>
      <trkpt lat="29.60077" lon="-99.67855"/>
      <trkpt lat="29.60076" lon="-99.67861"/>
      <trkpt lat="29.6007" lon="-99.67893"/>
      <trkpt lat="29.60064" lon="-99.67951"/>
      <trkpt lat="29.60063" lon="-99.67997"/>
      <trkpt lat="29.60065" lon="-99.68046"/>
      <trkpt lat="29.60076" lon="-99.68105"/>
      <trkpt lat="29.60099" lon="-99.68182"/>
      <trkpt lat="29.6012" lon="-99.68247"/>
      <trkpt lat="29.60137" lon="-99.68296"/>
      <trkpt lat="29.60171" lon="-99.68367"/>
      <trkpt lat="29.60199" lon="-99.68409"/>
      <trkpt lat="29.60226" lon="-99.68446"/>
      <trkpt lat="29.60255" lon="-99.68479"/>
      <trkpt lat="29.60299" lon="-99.68521"/>
      <trkpt lat="29.60334" lon="-99.68556"/>
      <trkpt lat="29.6036" lon="-99.68587"/>
      <trkpt lat="29.6039" lon="-99.68629"/>
      <trkpt lat="29.6042" lon="-99.6868"/>
      <trkpt lat="29.60447" lon="-99.68736"/>
      <trkpt lat="29.60477" lon="-99.68807"/>
      <trkpt lat="29.60548" lon="-99.68979"/>
      <trkpt lat="29.60565" lon="-99.69014"/>
      <trkpt lat="29.60596" lon="-99.69085"/>
      <trkpt lat="29.60611" lon="-99.69133"/>
      <trkpt lat="29.60623" lon="-99.69185"/>
      <trkpt lat="29.60624" lon="-99.69191"/>
      <trkpt lat="29.60628" lon="-99.69225"/>
      <trkpt lat="29.60631" lon="-99.6926"/>
      <trkpt lat="29.60633" lon="-99.69292"/>
      <trkpt lat="29.60632" lon="-99.69334"/>
      <trkpt lat="29.60628" lon="-99.69373"/>
      <trkpt lat="29.60589" lon="-99.69698"/>
      <trkpt lat="29.60573" lon="-99.69816"/>
      <trkpt lat="29.60561" lon="-99.69912"/>
      <trkpt lat="29.60546" lon="-99.70027"/>
      <trkpt lat="29.60545" lon="-99.70043"/>
      <trkpt lat="29.60545" lon="-99.70078"/>
      <trkpt lat="29.60547" lon="-99.7011"/>
      <trkpt lat="29.60556" lon="-99.70147"/>
      <trkpt lat="29.60567" lon="-99.70184"/>
      <trkpt lat="29.60578" lon="-99.70216"/>
      <trkpt lat="29.60612" lon="-99.70278"/>
      <trkpt lat="29.60645" lon="-99.70327"/>
      <trkpt lat="29.60675" lon="-99.70378"/>
      <trkpt lat="29.60707" lon="-99.70452"/>
      <trkpt lat="29.60724" lon="-99.7051"/>
      <trkpt lat="29.60733" lon="-99.70553"/>
      <trkpt lat="29.6074" lon="-99.70621"/>
      <trkpt lat="29.60742" lon="-99.70668"/>
      <trkpt lat="29.60739" lon="-99.70703"/>
      <trkpt lat="29.60738" lon="-99.70782"/>
      <trkpt lat="29.60743" lon="-99.70824"/>
      <trkpt lat="29.6075" lon="-99.70886"/>
      <trkpt lat="29.6075" lon="-99.70921"/>
      <trkpt lat="29.60746" lon="-99.70959"/>
      <trkpt lat="29.60745" lon="-99.70962"/>
      <trkpt lat="29.60734" lon="-99.71018"/>
      <trkpt lat="29.60722" lon="-99.71059"/>
      <trkpt lat="29.60693" lon="-99.7113"/>
      <trkpt lat="29.60658" lon="-99.71236"/>
      <trkpt lat="29.60633" lon="-99.71303"/>
      <trkpt lat="29.60616" lon="-99.71347"/>
      <trkpt lat="29.60595" lon="-99.71413"/>
      <trkpt lat="29.6058" lon="-99.71471"/>
      <trkpt lat="29.60565" lon="-99.71535"/>
      <trkpt lat="29.60555" lon="-99.71589"/>
      <trkpt lat="29.60547" lon="-99.71652"/>
      <trkpt lat="29.60542" lon="-99.71706"/>
      <trkpt lat="29.60538" lon="-99.7176"/>
      <trkpt lat="29.60539" lon="-99.71842"/>
      <trkpt lat="29.60546" lon="-99.71933"/>
      <trkpt lat="29.60549" lon="-99.71963"/>
      <trkpt lat="29.60565" lon="-99.72061"/>
      <trkpt lat="29.60633" lon="-99.724"/>
      <trkpt lat="29.60644" lon="-99.72458"/>
      <trkpt lat="29.60651" lon="-99.72522"/>
      <trkpt lat="29.60655" lon="-99.72574"/>
      <trkpt lat="29.60654" lon="-99.72635"/>
      <trkpt lat="29.60651" lon="-99.72701"/>
      <trkpt lat="29.60649" lon="-99.72741"/>
      <trkpt lat="29.60616" lon="-99.72905"/>
      <trkpt lat="29.606" lon="-99.72972"/>
      <trkpt lat="29.60545" lon="-99.73251"/>
      <trkpt lat="29.6052" lon="-99.73374"/>
      <trkpt lat="29.60495" lon="-99.73499"/>
      <trkpt lat="29.60477" lon="-99.73642"/>
      <trkpt lat="29.60474" lon="-99.73672"/>
      <trkpt lat="29.60458" lon="-99.73856"/>
      <trkpt lat="29.60457" lon="-99.73874"/>
      <trkpt lat="29.60458" lon="-99.73902"/>
      <trkpt lat="29.60459" lon="-99.73918"/>
      <trkpt lat="29.60461" lon="-99.73941"/>
      <trkpt lat="29.60467" lon="-99.73971"/>
      <trkpt lat="29.60486" lon="-99.7405"/>
      <trkpt lat="29.60494" lon="-99.74095"/>
      <trkpt lat="29.60497" lon="-99.74133"/>
      <trkpt lat="29.60498" lon="-99.74156"/>
      <trkpt lat="29.60498" lon="-99.74191"/>
      <trkpt lat="29.60484" lon="-99.7433"/>
      <trkpt lat="29.60471" lon="-99.74463"/>
      <trkpt lat="29.6047" lon="-99.7447"/>
      <trkpt lat="29.60469" lon="-99.74479"/>
      <trkpt lat="29.60427" lon="-99.74846"/>
      <trkpt lat="29.60351" lon="-99.74826"/>
      <trkpt lat="29.60229" lon="-99.74807"/>
      <trkpt lat="29.60185" lon="-99.74804"/>
      <trkpt lat="29.6007" lon="-99.74797"/>
      <trkpt lat="29.59905" lon="-99.7479"/>
      <trkpt lat="29.59747" lon="-99.74782"/>
      <trkpt lat="29.59606" lon="-99.74776"/>
      <trkpt lat="29.59383" lon="-99.74766"/>
      <trkpt lat="29.59332" lon="-99.74764"/>
      <trkpt lat="29.59262" lon="-99.74761"/>
      <trkpt lat="29.59221" lon="-99.74759"/>
      <trkpt lat="29.59198" lon="-99.74758"/>
      <trkpt lat="29.59149" lon="-99.74754"/>
      <trkpt lat="29.59112" lon="-99.74749"/>
      <trkpt lat="29.59082" lon="-99.74745"/>
      <trkpt lat="29.58981" lon="-99.74727"/>
      <trkpt lat="29.58931" lon="-99.74719"/>
      <trkpt lat="29.58933" lon="-99.74709"/>
      <trkpt lat="29.58957" lon="-99.74505"/>
      <trkpt lat="29.58975" lon="-99.7434"/>
      <trkpt lat="29.5897" lon="-99.74316"/>
      <trkpt lat="29.58961" lon="-99.74299"/>
      <trkpt lat="29.58952" lon="-99.74279"/>
      <trkpt lat="29.58949" lon="-99.74261"/>
      <trkpt lat="29.58948" lon="-99.74238"/>
      <trkpt lat="29.58945" lon="-99.74218"/>
      <trkpt lat="29.5894" lon="-99.74197"/>
      <trkpt lat="29.58939" lon="-99.74185"/>
      <trkpt lat="29.58937" lon="-99.74168"/>
      <trkpt lat="29.58935" lon="-99.7414"/>
      <trkpt lat="29.58933" lon="-99.74119"/>
      <trkpt lat="29.58931" lon="-99.74103"/>
      <trkpt lat="29.589" lon="-99.74043"/>
      <trkpt lat="29.58882" lon="-99.74008"/>
      <trkpt lat="29.58862" lon="-99.73967"/>
      <trkpt lat="29.58861" lon="-99.73965"/>
      <trkpt lat="29.58852" lon="-99.73945"/>
      <trkpt lat="29.58849" lon="-99.73936"/>
      <trkpt lat="29.58847" lon="-99.73924"/>
      <trkpt lat="29.58845" lon="-99.73909"/>
      <trkpt lat="29.58845" lon="-99.73894"/>
      <trkpt lat="29.58848" lon="-99.73873"/>
      <trkpt lat="29.58848" lon="-99.73845"/>
      <trkpt lat="29.58847" lon="-99.7382"/>
      <trkpt lat="29.58841" lon="-99.738"/>
      <trkpt lat="29.58831" lon="-99.73785"/>
      <trkpt lat="29.58822" lon="-99.73778"/>
      <trkpt lat="29.58814" lon="-99.73773"/>
      <trkpt lat="29.58814" lon="-99.73773"/>
      <trkpt lat="29.58807" lon="-99.73772"/>
      <trkpt lat="29.58786" lon="-99.73769"/>
      <trkpt lat="29.5878" lon="-99.73768"/>
      <trkpt lat="29.58761" lon="-99.73761"/>
      <trkpt lat="29.58735" lon="-99.73742"/>
      <trkpt lat="29.58712" lon="-99.73725"/>
      <trkpt lat="29.58705" lon="-99.7372"/>
      <trkpt lat="29.58699" lon="-99.73716"/>
      <trkpt lat="29.58675" lon="-99.73706"/>
      <trkpt lat="29.58624" lon="-99.73679"/>
      <trkpt lat="29.58607" lon="-99.73669"/>
      <trkpt lat="29.58596" lon="-99.73661"/>
      <trkpt lat="29.58586" lon="-99.73648"/>
      <trkpt lat="29.5858" lon="-99.73637"/>
      <trkpt lat="29.58563" lon="-99.736"/>
      <trkpt lat="29.58535" lon="-99.73534"/>
      <trkpt lat="29.58526" lon="-99.73515"/>
      <trkpt lat="29.58513" lon="-99.73497"/>
      <trkpt lat="29.585" lon="-99.73485"/>
      <trkpt lat="29.58486" lon="-99.73475"/>
      <trkpt lat="29.58444" lon="-99.73451"/>
      <trkpt lat="29.58383" lon="-99.73418"/>
      <trkpt lat="29.58377" lon="-99.73415"/>
      <trkpt lat="29.58372" lon="-99.7339"/>
      <trkpt lat="29.58387" lon="-99.73392"/>
      <trkpt lat="29.5838" lon="-99.73398"/>
      <trkpt lat="29.58383" lon="-99.73418"/>
      <trkpt lat="29.58444" lon="-99.73451"/>
      <trkpt lat="29.58486" lon="-99.73475"/>
      <trkpt lat="29.585" lon="-99.73485"/>
      <trkpt lat="29.58513" lon="-99.73497"/>
      <trkpt lat="29.58526" lon="-99.73515"/>
      <trkpt lat="29.58535" lon="-99.73534"/>
      <trkpt lat="29.58563" lon="-99.736"/>
      <trkpt lat="29.5858" lon="-99.73637"/>
      <trkpt lat="29.58586" lon="-99.73648"/>
      <trkpt lat="29.58596" lon="-99.73661"/>
      <trkpt lat="29.58607" lon="-99.73669"/>
      <trkpt lat="29.58624" lon="-99.73679"/>
      <trkpt lat="29.58675" lon="-99.73706"/>
      <trkpt lat="29.58699" lon="-99.73716"/>
      <trkpt lat="29.58705" lon="-99.7372"/>
      <trkpt lat="29.58712" lon="-99.73725"/>
      <trkpt lat="29.58735" lon="-99.73742"/>
      <trkpt lat="29.58761" lon="-99.73761"/>
      <trkpt lat="29.5878" lon="-99.73768"/>
      <trkpt lat="29.58786" lon="-99.73769"/>
      <trkpt lat="29.58807" lon="-99.73772"/>
      <trkpt lat="29.58814" lon="-99.73773"/>
      <trkpt lat="29.58822" lon="-99.73778"/>
      <trkpt lat="29.58831" lon="-99.73785"/>
      <trkpt lat="29.58841" lon="-99.738"/>
      <trkpt lat="29.58847" lon="-99.7382"/>
      <trkpt lat="29.58848" lon="-99.73845"/>
      <trkpt lat="29.58848" lon="-99.73873"/>
      <trkpt lat="29.58845" lon="-99.73894"/>
      <trkpt lat="29.58845" lon="-99.73909"/>
      <trkpt lat="29.58847" lon="-99.73924"/>
      <trkpt lat="29.58849" lon="-99.73936"/>
      <trkpt lat="29.58852" lon="-99.73945"/>
      <trkpt lat="29.58861" lon="-99.73965"/>
      <trkpt lat="29.58862" lon="-99.73967"/>
      <trkpt lat="29.58882" lon="-99.74008"/>
      <trkpt lat="29.589" lon="-99.74043"/>
      <trkpt lat="29.58931" lon="-99.74103"/>
      <trkpt lat="29.58945" lon="-99.74128"/>
      <trkpt lat="29.5896" lon="-99.74156"/>
      <trkpt lat="29.58965" lon="-99.74166"/>
      <trkpt lat="29.58967" lon="-99.7417"/>
      <trkpt lat="29.5897" lon="-99.74175"/>
      <trkpt lat="29.58971" lon="-99.74179"/>
      <trkpt lat="29.58974" lon="-99.74185"/>
      <trkpt lat="29.58978" lon="-99.74196"/>
      <trkpt lat="29.5898" lon="-99.74206"/>
      <trkpt lat="29.58983" lon="-99.74219"/>
      <trkpt lat="29.58985" lon="-99.74237"/>
      <trkpt lat="29.58985" lon="-99.74249"/>
      <trkpt lat="29.58984" lon="-99.74262"/>
      <trkpt lat="29.58983" lon="-99.74281"/>
      <trkpt lat="29.58982" lon="-99.7429"/>
      <trkpt lat="29.5898" lon="-99.74303"/>
      <trkpt lat="29.58979" lon="-99.74314"/>
      <trkpt lat="29.58975" lon="-99.7434"/>
      <trkpt lat="29.58957" lon="-99.74505"/>
      <trkpt lat="29.58933" lon="-99.74709"/>
      <trkpt lat="29.58931" lon="-99.74719"/>
      <trkpt lat="29.58981" lon="-99.74727"/>
      <trkpt lat="29.59082" lon="-99.74745"/>
      <trkpt lat="29.59112" lon="-99.74749"/>
      <trkpt lat="29.59149" lon="-99.74754"/>
      <trkpt lat="29.59198" lon="-99.74758"/>
      <trkpt lat="29.59221" lon="-99.74759"/>
      <trkpt lat="29.59262" lon="-99.74761"/>
      <trkpt lat="29.59332" lon="-99.74764"/>
      <trkpt lat="29.59383" lon="-99.74766"/>
      <trkpt lat="29.59606" lon="-99.74776"/>
      <trkpt lat="29.59747" lon="-99.74782"/>
      <trkpt lat="29.59905" lon="-99.7479"/>
      <trkpt lat="29.6007" lon="-99.74797"/>
      <trkpt lat="29.60185" lon="-99.74804"/>
      <trkpt lat="29.60229" lon="-99.74807"/>
      <trkpt lat="29.60351" lon="-99.74826"/>
      <trkpt lat="29.60427" lon="-99.74846"/>
      <trkpt lat="29.6048" lon="-99.74862"/>
      <trkpt lat="29.60555" lon="-99.74879"/>
      <trkpt lat="29.60781" lon="-99.74957"/>
      <trkpt lat="29.61235" lon="-99.75116"/>
      <trkpt lat="29.6125" lon="-99.75121"/>
      <trkpt lat="29.61294" lon="-99.75132"/>
      <trkpt lat="29.61345" lon="-99.75146"/>
      <trkpt lat="29.61448" lon="-99.75168"/>
      <trkpt lat="29.61596" lon="-99.75204"/>
      <trkpt lat="29.61628" lon="-99.75216"/>
      <trkpt lat="29.6165" lon="-99.7523"/>
      <trkpt lat="29.61711" lon="-99.75273"/>
      <trkpt lat="29.61739" lon="-99.75295"/>
      <trkpt lat="29.61779" lon="-99.75323"/>
      <trkpt lat="29.61798" lon="-99.75333"/>
      <trkpt lat="29.61811" lon="-99.75339"/>
      <trkpt lat="29.61826" lon="-99.75347"/>
      <trkpt lat="29.61845" lon="-99.75358"/>
      <trkpt lat="29.61885" lon="-99.75377"/>
      <trkpt lat="29.61925" lon="-99.75393"/>
      <trkpt lat="29.61965" lon="-99.75408"/>
      <trkpt lat="29.62009" lon="-99.75417"/>
      <trkpt lat="29.62028" lon="-99.75422"/>
      <trkpt lat="29.62079" lon="-99.75434"/>
      <trkpt lat="29.62476" lon="-99.75537"/>
      <trkpt lat="29.62505" lon="-99.75545"/>
      <trkpt lat="29.62516" lon="-99.75548"/>
      <trkpt lat="29.62523" lon="-99.7555"/>
      <trkpt lat="29.62682" lon="-99.75589"/>
      <trkpt lat="29.62833" lon="-99.75626"/>
      <trkpt lat="29.62852" lon="-99.75631"/>
      <trkpt lat="29.62881" lon="-99.75638"/>
      <trkpt lat="29.62941" lon="-99.75654"/>
      <trkpt lat="29.63036" lon="-99.75679"/>
      <trkpt lat="29.63092" lon="-99.75683"/>
      <trkpt lat="29.6312" lon="-99.75684"/>
      <trkpt lat="29.63266" lon="-99.75674"/>
      <trkpt lat="29.6352" lon="-99.75656"/>
      <trkpt lat="29.63776" lon="-99.75633"/>
      <trkpt lat="29.64" lon="-99.75617"/>
      <trkpt lat="29.64548" lon="-99.75576"/>
      <trkpt lat="29.64631" lon="-99.7557"/>
      <trkpt lat="29.64804" lon="-99.75557"/>
      <trkpt lat="29.64829" lon="-99.75555"/>
      <trkpt lat="29.65003" lon="-99.75542"/>
      <trkpt lat="29.65252" lon="-99.75518"/>
      <trkpt lat="29.6574" lon="-99.75485"/>
      <trkpt lat="29.65846" lon="-99.75496"/>
      <trkpt lat="29.66009" lon="-99.75524"/>
      <trkpt lat="29.6609" lon="-99.75538"/>
      <trkpt lat="29.66233" lon="-99.75564"/>
      <trkpt lat="29.66451" lon="-99.75602"/>
      <trkpt lat="29.66454" lon="-99.75602"/>
      <trkpt lat="29.66577" lon="-99.75626"/>
      <trkpt lat="29.66593" lon="-99.75629"/>
      <trkpt lat="29.66664" lon="-99.75644"/>
      <trkpt lat="29.66721" lon="-99.75663"/>
      <trkpt lat="29.66785" lon="-99.75685"/>
      <trkpt lat="29.66838" lon="-99.75702"/>
      <trkpt lat="29.6687" lon="-99.75713"/>
      <trkpt lat="29.67025" lon="-99.75766"/>
      <trkpt lat="29.67091" lon="-99.75788"/>
      <trkpt lat="29.67121" lon="-99.75799"/>
      <trkpt lat="29.67192" lon="-99.75823"/>
      <trkpt lat="29.67268" lon="-99.75848"/>
      <trkpt lat="29.67281" lon="-99.75853"/>
      <trkpt lat="29.67485" lon="-99.75925"/>
      <trkpt lat="29.67614" lon="-99.75969"/>
      <trkpt lat="29.67708" lon="-99.76001"/>
      <trkpt lat="29.67847" lon="-99.76046"/>
      <trkpt lat="29.67927" lon="-99.76072"/>
      <trkpt lat="29.67999" lon="-99.76094"/>
      <trkpt lat="29.68028" lon="-99.76103"/>
      <trkpt lat="29.68055" lon="-99.76106"/>
      <trkpt lat="29.68063" lon="-99.76107"/>
      <trkpt lat="29.6808" lon="-99.76109"/>
      <trkpt lat="29.68154" lon="-99.76119"/>
      <trkpt lat="29.6818" lon="-99.76123"/>
      <trkpt lat="29.68304" lon="-99.76141"/>
      <trkpt lat="29.68416" lon="-99.76157"/>
      <trkpt lat="29.68551" lon="-99.76176"/>
      <trkpt lat="29.686" lon="-99.76183"/>
      <trkpt lat="29.68682" lon="-99.76195"/>
      <trkpt lat="29.6878" lon="-99.76209"/>
      <trkpt lat="29.68942" lon="-99.76231"/>
      <trkpt lat="29.6895" lon="-99.76232"/>
      <trkpt lat="29.68971" lon="-99.76235"/>
      <trkpt lat="29.69015" lon="-99.7624"/>
      <trkpt lat="29.69221" lon="-99.76267"/>
      <trkpt lat="29.69245" lon="-99.7627"/>
      <trkpt lat="29.69326" lon="-99.76282"/>
      <trkpt lat="29.69725" lon="-99.76336"/>
      <trkpt lat="29.69876" lon="-99.76353"/>
      <trkpt lat="29.6993" lon="-99.76356"/>
      <trkpt lat="29.69998" lon="-99.76353"/>
      <trkpt lat="29.70057" lon="-99.76349"/>
      <trkpt lat="29.70087" lon="-99.76347"/>
      <trkpt lat="29.70182" lon="-99.76338"/>
      <trkpt lat="29.70225" lon="-99.76334"/>
      <trkpt lat="29.70312" lon="-99.76327"/>
      <trkpt lat="29.70322" lon="-99.76327"/>
      <trkpt lat="29.70544" lon="-99.76311"/>
      <trkpt lat="29.70644" lon="-99.76311"/>
      <trkpt lat="29.70675" lon="-99.76312"/>
      <trkpt lat="29.70839" lon="-99.76314"/>
      <trkpt lat="29.70963" lon="-99.76316"/>
      <trkpt lat="29.70996" lon="-99.76317"/>
      <trkpt lat="29.71109" lon="-99.76318"/>
      <trkpt lat="29.71308" lon="-99.76322"/>
      <trkpt lat="29.71343" lon="-99.76323"/>
      <trkpt lat="29.71433" lon="-99.76324"/>
      <trkpt lat="29.71472" lon="-99.76325"/>
      <trkpt lat="29.71494" lon="-99.76325"/>
      <trkpt lat="29.71547" lon="-99.76325"/>
      <trkpt lat="29.71654" lon="-99.76327"/>
      <trkpt lat="29.71763" lon="-99.76328"/>
      <trkpt lat="29.71817" lon="-99.76329"/>
      <trkpt lat="29.71845" lon="-99.76329"/>
      <trkpt lat="29.71919" lon="-99.7633"/>
      <trkpt lat="29.72034" lon="-99.76331"/>
      <trkpt lat="29.72151" lon="-99.76332"/>
      <trkpt lat="29.72162" lon="-99.76332"/>
      <trkpt lat="29.72166" lon="-99.76332"/>
      <trkpt lat="29.72171" lon="-99.76332"/>
      <trkpt lat="29.72186" lon="-99.76333"/>
      <trkpt lat="29.72208" lon="-99.76333"/>
      <trkpt lat="29.72224" lon="-99.76333"/>
      <trkpt lat="29.72309" lon="-99.76332"/>
      <trkpt lat="29.72319" lon="-99.76332"/>
      <trkpt lat="29.72341" lon="-99.7633"/>
      <trkpt lat="29.72394" lon="-99.7632"/>
      <trkpt lat="29.72399" lon="-99.76319"/>
      <trkpt lat="29.72439" lon="-99.76311"/>
      <trkpt lat="29.7248" lon="-99.76302"/>
      <trkpt lat="29.72515" lon="-99.76295"/>
      <trkpt lat="29.7259" lon="-99.7628"/>
      <trkpt lat="29.72622" lon="-99.76273"/>
      <trkpt lat="29.7266" lon="-99.76265"/>
      <trkpt lat="29.72671" lon="-99.76262"/>
      <trkpt lat="29.72668" lon="-99.76242"/>
      <trkpt lat="29.72656" lon="-99.76165"/>
      <trkpt lat="29.72644" lon="-99.7617"/>
      <trkpt lat="29.72583" lon="-99.76183"/>
      <trkpt lat="29.72575" lon="-99.76183"/>
      <trkpt lat="29.72568" lon="-99.76183"/>
      <trkpt lat="29.72499" lon="-99.76195"/>
      <trkpt lat="29.72423" lon="-99.76209"/>
      <trkpt lat="29.72413" lon="-99.76151"/>
      <trkpt lat="29.72409" lon="-99.76122"/>
      <trkpt lat="29.72398" lon="-99.76044"/>
      <trkpt lat="29.72394" lon="-99.76019"/>
      <trkpt lat="29.72385" lon="-99.75955"/>
      <trkpt lat="29.72383" lon="-99.75938"/>
      <trkpt lat="29.72366" lon="-99.75823"/>
      <trkpt lat="29.72354" lon="-99.75779"/>
      <trkpt lat="29.72344" lon="-99.7575"/>
      <trkpt lat="29.72337" lon="-99.75737"/>
      <trkpt lat="29.72304" lon="-99.75661"/>
      <trkpt lat="29.72301" lon="-99.75656"/>
      <trkpt lat="29.72293" lon="-99.75632"/>
      <trkpt lat="29.72291" lon="-99.75607"/>
      <trkpt lat="29.72291" lon="-99.75604"/>
      <trkpt lat="29.72292" lon="-99.75562"/>
      <trkpt lat="29.72299" lon="-99.7552"/>
      <trkpt lat="29.72305" lon="-99.75478"/>
      <trkpt lat="29.72312" lon="-99.7544"/>
      <trkpt lat="29.72315" lon="-99.75415"/>
      <trkpt lat="29.72317" lon="-99.75382"/>
      <trkpt lat="29.72317" lon="-99.75326"/>
      <trkpt lat="29.72314" lon="-99.75299"/>
      <trkpt lat="29.72308" lon="-99.75239"/>
      <trkpt lat="29.72302" lon="-99.75184"/>
      <trkpt lat="29.72297" lon="-99.75134"/>
      <trkpt lat="29.72285" lon="-99.75034"/>
      <trkpt lat="29.72277" lon="-99.74956"/>
      <trkpt lat="29.72267" lon="-99.74837"/>
      <trkpt lat="29.72255" lon="-99.74726"/>
      <trkpt lat="29.72253" lon="-99.7471"/>
      <trkpt lat="29.72245" lon="-99.74661"/>
      <trkpt lat="29.72235" lon="-99.74613"/>
      <trkpt lat="29.72223" lon="-99.74578"/>
      <trkpt lat="29.72212" lon="-99.74552"/>
      <trkpt lat="29.72169" lon="-99.74481"/>
      <trkpt lat="29.72129" lon="-99.74415"/>
      <trkpt lat="29.72067" lon="-99.7431"/>
      <trkpt lat="29.71962" lon="-99.74137"/>
      <trkpt lat="29.71831" lon="-99.73922"/>
      <trkpt lat="29.71808" lon="-99.73884"/>
      <trkpt lat="29.71756" lon="-99.73798"/>
      <trkpt lat="29.71701" lon="-99.73704"/>
      <trkpt lat="29.71681" lon="-99.73663"/>
      <trkpt lat="29.71662" lon="-99.7362"/>
      <trkpt lat="29.71602" lon="-99.73476"/>
      <trkpt lat="29.71559" lon="-99.73381"/>
      <trkpt lat="29.71539" lon="-99.73349"/>
      <trkpt lat="29.71514" lon="-99.73321"/>
      <trkpt lat="29.71494" lon="-99.73303"/>
      <trkpt lat="29.71474" lon="-99.73288"/>
      <trkpt lat="29.71429" lon="-99.73261"/>
      <trkpt lat="29.71401" lon="-99.73239"/>
      <trkpt lat="29.71368" lon="-99.73217"/>
      <trkpt lat="29.71293" lon="-99.73165"/>
      <trkpt lat="29.71265" lon="-99.73144"/>
      <trkpt lat="29.71246" lon="-99.73129"/>
      <trkpt lat="29.7123" lon="-99.73112"/>
      <trkpt lat="29.7122" lon="-99.73102"/>
      <trkpt lat="29.71205" lon="-99.73085"/>
      <trkpt lat="29.71184" lon="-99.73048"/>
      <trkpt lat="29.71169" lon="-99.73009"/>
      <trkpt lat="29.7116" lon="-99.72979"/>
      <trkpt lat="29.71157" lon="-99.7295"/>
      <trkpt lat="29.71157" lon="-99.72947"/>
      <trkpt lat="29.71155" lon="-99.72911"/>
      <trkpt lat="29.71155" lon="-99.72901"/>
      <trkpt lat="29.71155" lon="-99.72887"/>
      <trkpt lat="29.71158" lon="-99.72866"/>
      <trkpt lat="29.71177" lon="-99.72694"/>
      <trkpt lat="29.71199" lon="-99.72487"/>
      <trkpt lat="29.71203" lon="-99.72443"/>
      <trkpt lat="29.7123" lon="-99.72192"/>
      <trkpt lat="29.71242" lon="-99.72082"/>
      <trkpt lat="29.71251" lon="-99.72002"/>
      <trkpt lat="29.71311" lon="-99.71447"/>
      <trkpt lat="29.71331" lon="-99.71267"/>
      <trkpt lat="29.71349" lon="-99.71108"/>
      <trkpt lat="29.71358" lon="-99.71027"/>
      <trkpt lat="29.71363" lon="-99.70978"/>
      <trkpt lat="29.7138" lon="-99.70817"/>
      <trkpt lat="29.7143" lon="-99.70352"/>
      <trkpt lat="29.71438" lon="-99.70323"/>
      <trkpt lat="29.71443" lon="-99.70304"/>
      <trkpt lat="29.71464" lon="-99.70227"/>
      <trkpt lat="29.71523" lon="-99.7003"/>
      <trkpt lat="29.71562" lon="-99.69894"/>
      <trkpt lat="29.71567" lon="-99.69862"/>
      <trkpt lat="29.71569" lon="-99.69836"/>
      <trkpt lat="29.71572" lon="-99.69787"/>
      <trkpt lat="29.71574" lon="-99.69709"/>
      <trkpt lat="29.71577" lon="-99.69615"/>
      <trkpt lat="29.71579" lon="-99.69592"/>
      <trkpt lat="29.71582" lon="-99.69579"/>
      <trkpt lat="29.71586" lon="-99.6957"/>
      <trkpt lat="29.71591" lon="-99.69555"/>
      <trkpt lat="29.71602" lon="-99.69534"/>
      <trkpt lat="29.71613" lon="-99.69516"/>
      <trkpt lat="29.71649" lon="-99.69461"/>
      <trkpt lat="29.71662" lon="-99.69438"/>
      <trkpt lat="29.71676" lon="-99.69407"/>
      <trkpt lat="29.71679" lon="-99.69398"/>
      <trkpt lat="29.71686" lon="-99.69372"/>
      <trkpt lat="29.7171" lon="-99.69281"/>
      <trkpt lat="29.71726" lon="-99.69243"/>
      <trkpt lat="29.71737" lon="-99.69225"/>
      <trkpt lat="29.71752" lon="-99.6921"/>
      <trkpt lat="29.71768" lon="-99.69195"/>
      <trkpt lat="29.71789" lon="-99.6918"/>
      <trkpt lat="29.71858" lon="-99.69147"/>
      <trkpt lat="29.71876" lon="-99.69139"/>
      <trkpt lat="29.71899" lon="-99.69129"/>
      <trkpt lat="29.71935" lon="-99.69105"/>
      <trkpt lat="29.71955" lon="-99.6909"/>
      <trkpt lat="29.71966" lon="-99.69077"/>
      <trkpt lat="29.71984" lon="-99.69051"/>
      <trkpt lat="29.71996" lon="-99.69027"/>
      <trkpt lat="29.72003" lon="-99.69004"/>
      <trkpt lat="29.72009" lon="-99.68971"/>
      <trkpt lat="29.72007" lon="-99.68895"/>
      <trkpt lat="29.72004" lon="-99.68761"/>
      <trkpt lat="29.72002" lon="-99.687"/>
      <trkpt lat="29.71997" lon="-99.68503"/>
      <trkpt lat="29.71997" lon="-99.68451"/>
      <trkpt lat="29.71999" lon="-99.68417"/>
      <trkpt lat="29.72003" lon="-99.68376"/>
      <trkpt lat="29.72015" lon="-99.68331"/>
      <trkpt lat="29.72026" lon="-99.68295"/>
      <trkpt lat="29.72044" lon="-99.68251"/>
      <trkpt lat="29.72062" lon="-99.68217"/>
      <trkpt lat="29.72079" lon="-99.6819"/>
      <trkpt lat="29.72118" lon="-99.68139"/>
      <trkpt lat="29.72145" lon="-99.68103"/>
      <trkpt lat="29.72196" lon="-99.68037"/>
      <trkpt lat="29.7222" lon="-99.67997"/>
      <trkpt lat="29.72237" lon="-99.67957"/>
      <trkpt lat="29.72251" lon="-99.67905"/>
      <trkpt lat="29.72259" lon="-99.6786"/>
      <trkpt lat="29.72259" lon="-99.67836"/>
      <trkpt lat="29.72259" lon="-99.67823"/>
      <trkpt lat="29.72254" lon="-99.678"/>
      <trkpt lat="29.72247" lon="-99.67779"/>
      <trkpt lat="29.72235" lon="-99.67755"/>
      <trkpt lat="29.72224" lon="-99.67735"/>
      <trkpt lat="29.72202" lon="-99.67702"/>
      <trkpt lat="29.72182" lon="-99.67663"/>
      <trkpt lat="29.72153" lon="-99.67569"/>
      <trkpt lat="29.72144" lon="-99.67525"/>
      <trkpt lat="29.72143" lon="-99.67493"/>
      <trkpt lat="29.72144" lon="-99.67447"/>
      <trkpt lat="29.7215" lon="-99.67351"/>
      <trkpt lat="29.7216" lon="-99.67283"/>
      <trkpt lat="29.72177" lon="-99.67223"/>
      <trkpt lat="29.72189" lon="-99.67199"/>
      <trkpt lat="29.72194" lon="-99.67187"/>
      <trkpt lat="29.72209" lon="-99.67163"/>
      <trkpt lat="29.72227" lon="-99.67146"/>
      <trkpt lat="29.72246" lon="-99.6713"/>
      <trkpt lat="29.72371" lon="-99.67072"/>
      <trkpt lat="29.72412" lon="-99.67056"/>
      <trkpt lat="29.72449" lon="-99.67043"/>
      <trkpt lat="29.72502" lon="-99.67033"/>
      <trkpt lat="29.72504" lon="-99.67033"/>
      <trkpt lat="29.72567" lon="-99.67027"/>
      <trkpt lat="29.72589" lon="-99.6702"/>
      <trkpt lat="29.72602" lon="-99.67006"/>
      <trkpt lat="29.72606" lon="-99.66995"/>
      <trkpt lat="29.72607" lon="-99.66982"/>
      <trkpt lat="29.72603" lon="-99.66972"/>
      <trkpt lat="29.72594" lon="-99.66957"/>
      <trkpt lat="29.72573" lon="-99.66927"/>
      <trkpt lat="29.72527" lon="-99.66877"/>
      <trkpt lat="29.72514" lon="-99.66859"/>
      <trkpt lat="29.72491" lon="-99.66824"/>
      <trkpt lat="29.72476" lon="-99.668"/>
      <trkpt lat="29.72465" lon="-99.66783"/>
      <trkpt lat="29.72452" lon="-99.6676"/>
      <trkpt lat="29.72443" lon="-99.66743"/>
      <trkpt lat="29.72435" lon="-99.66726"/>
      <trkpt lat="29.72431" lon="-99.66711"/>
      <trkpt lat="29.72427" lon="-99.66689"/>
      <trkpt lat="29.72423" lon="-99.66658"/>
      <trkpt lat="29.72418" lon="-99.66638"/>
      <trkpt lat="29.72406" lon="-99.66608"/>
      <trkpt lat="29.72389" lon="-99.66573"/>
      <trkpt lat="29.72373" lon="-99.66544"/>
      <trkpt lat="29.72342" lon="-99.66499"/>
      <trkpt lat="29.72327" lon="-99.66476"/>
      <trkpt lat="29.72311" lon="-99.66456"/>
      <trkpt lat="29.72301" lon="-99.66445"/>
      <trkpt lat="29.72288" lon="-99.66436"/>
      <trkpt lat="29.72276" lon="-99.66428"/>
      <trkpt lat="29.72261" lon="-99.6642"/>
      <trkpt lat="29.72249" lon="-99.66415"/>
      <trkpt lat="29.72236" lon="-99.66411"/>
      <trkpt lat="29.72225" lon="-99.66409"/>
      <trkpt lat="29.72218" lon="-99.66408"/>
      <trkpt lat="29.72207" lon="-99.66409"/>
      <trkpt lat="29.72194" lon="-99.66411"/>
      <trkpt lat="29.72184" lon="-99.66411"/>
      <trkpt lat="29.72174" lon="-99.6641"/>
      <trkpt lat="29.72165" lon="-99.66406"/>
      <trkpt lat="29.72153" lon="-99.664"/>
      <trkpt lat="29.72141" lon="-99.66395"/>
      <trkpt lat="29.72135" lon="-99.66393"/>
      <trkpt lat="29.72129" lon="-99.66392"/>
      <trkpt lat="29.72121" lon="-99.66393"/>
      <trkpt lat="29.72113" lon="-99.66395"/>
      <trkpt lat="29.72099" lon="-99.66403"/>
      <trkpt lat="29.72084" lon="-99.66411"/>
      <trkpt lat="29.72073" lon="-99.66414"/>
      <trkpt lat="29.72064" lon="-99.66414"/>
      <trkpt lat="29.72055" lon="-99.66412"/>
      <trkpt lat="29.72045" lon="-99.66408"/>
      <trkpt lat="29.72034" lon="-99.664"/>
      <trkpt lat="29.72026" lon="-99.66391"/>
      <trkpt lat="29.72018" lon="-99.66379"/>
      <trkpt lat="29.72014" lon="-99.66369"/>
      <trkpt lat="29.72007" lon="-99.66342"/>
      <trkpt lat="29.72001" lon="-99.66327"/>
      <trkpt lat="29.71994" lon="-99.66318"/>
      <trkpt lat="29.71988" lon="-99.66312"/>
      <trkpt lat="29.71978" lon="-99.66306"/>
      <trkpt lat="29.71965" lon="-99.66302"/>
      <trkpt lat="29.71946" lon="-99.66299"/>
      <trkpt lat="29.71926" lon="-99.66293"/>
      <trkpt lat="29.71915" lon="-99.66287"/>
      <trkpt lat="29.71909" lon="-99.66281"/>
      <trkpt lat="29.71902" lon="-99.66271"/>
      <trkpt lat="29.71898" lon="-99.66259"/>
      <trkpt lat="29.71894" lon="-99.66239"/>
      <trkpt lat="29.71889" lon="-99.66212"/>
      <trkpt lat="29.71884" lon="-99.66192"/>
      <trkpt lat="29.71874" lon="-99.66167"/>
      <trkpt lat="29.71869" lon="-99.66151"/>
      <trkpt lat="29.71868" lon="-99.66138"/>
      <trkpt lat="29.71867" lon="-99.66126"/>
      <trkpt lat="29.7187" lon="-99.6611"/>
      <trkpt lat="29.71888" lon="-99.66053"/>
      <trkpt lat="29.71892" lon="-99.66034"/>
      <trkpt lat="29.71893" lon="-99.66017"/>
      <trkpt lat="29.71892" lon="-99.65998"/>
      <trkpt lat="29.71888" lon="-99.65982"/>
      <trkpt lat="29.71879" lon="-99.65959"/>
      <trkpt lat="29.71866" lon="-99.65931"/>
      <trkpt lat="29.71859" lon="-99.65914"/>
      <trkpt lat="29.71851" lon="-99.65885"/>
      <trkpt lat="29.71848" lon="-99.65864"/>
      <trkpt lat="29.71846" lon="-99.65841"/>
      <trkpt lat="29.71846" lon="-99.65813"/>
      <trkpt lat="29.71847" lon="-99.65794"/>
      <trkpt lat="29.71851" lon="-99.65778"/>
      <trkpt lat="29.71858" lon="-99.65765"/>
      <trkpt lat="29.71867" lon="-99.65756"/>
      <trkpt lat="29.71878" lon="-99.65748"/>
      <trkpt lat="29.71889" lon="-99.65742"/>
      <trkpt lat="29.71901" lon="-99.65739"/>
      <trkpt lat="29.71916" lon="-99.65738"/>
      <trkpt lat="29.71935" lon="-99.6574"/>
      <trkpt lat="29.71955" lon="-99.65743"/>
      <trkpt lat="29.71979" lon="-99.65751"/>
      <trkpt lat="29.71998" lon="-99.65759"/>
      <trkpt lat="29.72033" lon="-99.6577"/>
      <trkpt lat="29.72062" lon="-99.65779"/>
      <trkpt lat="29.72073" lon="-99.65781"/>
      <trkpt lat="29.72085" lon="-99.65781"/>
      <trkpt lat="29.72097" lon="-99.65778"/>
      <trkpt lat="29.72112" lon="-99.65771"/>
      <trkpt lat="29.72124" lon="-99.65763"/>
      <trkpt lat="29.72133" lon="-99.65755"/>
      <trkpt lat="29.7214" lon="-99.65747"/>
      <trkpt lat="29.72142" lon="-99.65743"/>
      <trkpt lat="29.72149" lon="-99.65729"/>
      <trkpt lat="29.72155" lon="-99.65705"/>
      <trkpt lat="29.72161" lon="-99.65683"/>
      <trkpt lat="29.72169" lon="-99.65662"/>
      <trkpt lat="29.72186" lon="-99.6563"/>
      <trkpt lat="29.72195" lon="-99.656"/>
      <trkpt lat="29.72201" lon="-99.65587"/>
      <trkpt lat="29.72208" lon="-99.65575"/>
      <trkpt lat="29.7222" lon="-99.65565"/>
      <trkpt lat="29.7223" lon="-99.65559"/>
      <trkpt lat="29.72238" lon="-99.65556"/>
      <trkpt lat="29.72262" lon="-99.65552"/>
      <trkpt lat="29.72293" lon="-99.6555"/>
      <trkpt lat="29.72323" lon="-99.65552"/>
      <trkpt lat="29.72349" lon="-99.65555"/>
      <trkpt lat="29.72374" lon="-99.6556"/>
      <trkpt lat="29.72408" lon="-99.65569"/>
      <trkpt lat="29.72429" lon="-99.65576"/>
      <trkpt lat="29.72445" lon="-99.65584"/>
      <trkpt lat="29.72471" lon="-99.65596"/>
      <trkpt lat="29.72491" lon="-99.65604"/>
      <trkpt lat="29.72512" lon="-99.65608"/>
      <trkpt lat="29.72527" lon="-99.65609"/>
      <trkpt lat="29.72557" lon="-99.6561"/>
      <trkpt lat="29.72572" lon="-99.65612"/>
      <trkpt lat="29.72601" lon="-99.65618"/>
      <trkpt lat="29.72615" lon="-99.65619"/>
      <trkpt lat="29.7263" lon="-99.65618"/>
      <trkpt lat="29.72641" lon="-99.65616"/>
      <trkpt lat="29.72667" lon="-99.65611"/>
      <trkpt lat="29.72679" lon="-99.65611"/>
      <trkpt lat="29.72688" lon="-99.65613"/>
      <trkpt lat="29.72698" lon="-99.65618"/>
      <trkpt lat="29.72706" lon="-99.65622"/>
      <trkpt lat="29.72715" lon="-99.65633"/>
      <trkpt lat="29.72728" lon="-99.65647"/>
      <trkpt lat="29.72735" lon="-99.65653"/>
      <trkpt lat="29.72744" lon="-99.65657"/>
      <trkpt lat="29.72753" lon="-99.6566"/>
      <trkpt lat="29.72762" lon="-99.65658"/>
      <trkpt lat="29.72766" lon="-99.65657"/>
      <trkpt lat="29.72772" lon="-99.65654"/>
      <trkpt lat="29.72781" lon="-99.65646"/>
      <trkpt lat="29.72799" lon="-99.65627"/>
      <trkpt lat="29.72813" lon="-99.65609"/>
      <trkpt lat="29.72823" lon="-99.65593"/>
      <trkpt lat="29.72832" lon="-99.6557"/>
      <trkpt lat="29.72835" lon="-99.65553"/>
      <trkpt lat="29.72839" lon="-99.65525"/>
      <trkpt lat="29.72841" lon="-99.65505"/>
      <trkpt lat="29.72845" lon="-99.65492"/>
      <trkpt lat="29.72846" lon="-99.65489"/>
      <trkpt lat="29.72851" lon="-99.65478"/>
      <trkpt lat="29.7286" lon="-99.65467"/>
      <trkpt lat="29.72871" lon="-99.6546"/>
      <trkpt lat="29.72885" lon="-99.65455"/>
      <trkpt lat="29.72907" lon="-99.65453"/>
      <trkpt lat="29.72936" lon="-99.65453"/>
      <trkpt lat="29.72984" lon="-99.65451"/>
      <trkpt lat="29.72995" lon="-99.65452"/>
      <trkpt lat="29.73009" lon="-99.65455"/>
      <trkpt lat="29.73023" lon="-99.65458"/>
      <trkpt lat="29.73046" lon="-99.65467"/>
      <trkpt lat="29.73058" lon="-99.6547"/>
      <trkpt lat="29.73066" lon="-99.6547"/>
      <trkpt lat="29.73076" lon="-99.65468"/>
      <trkpt lat="29.73087" lon="-99.65463"/>
      <trkpt lat="29.73097" lon="-99.65455"/>
      <trkpt lat="29.73119" lon="-99.65424"/>
      <trkpt lat="29.73189" lon="-99.65318"/>
      <trkpt lat="29.73195" lon="-99.65305"/>
      <trkpt lat="29.73197" lon="-99.65295"/>
      <trkpt lat="29.732" lon="-99.65281"/>
      <trkpt lat="29.732" lon="-99.6527"/>
      <trkpt lat="29.73198" lon="-99.65252"/>
      <trkpt lat="29.73195" lon="-99.65227"/>
      <trkpt lat="29.73194" lon="-99.65214"/>
      <trkpt lat="29.73197" lon="-99.65197"/>
      <trkpt lat="29.73202" lon="-99.65182"/>
      <trkpt lat="29.73209" lon="-99.65163"/>
      <trkpt lat="29.73215" lon="-99.65146"/>
      <trkpt lat="29.73217" lon="-99.65134"/>
      <trkpt lat="29.73217" lon="-99.65124"/>
      <trkpt lat="29.73216" lon="-99.65099"/>
      <trkpt lat="29.73215" lon="-99.65084"/>
      <trkpt lat="29.73216" lon="-99.65072"/>
      <trkpt lat="29.7322" lon="-99.65062"/>
      <trkpt lat="29.73227" lon="-99.65051"/>
      <trkpt lat="29.73249" lon="-99.65024"/>
      <trkpt lat="29.73267" lon="-99.64997"/>
      <trkpt lat="29.73273" lon="-99.64988"/>
      <trkpt lat="29.7328" lon="-99.64982"/>
      <trkpt lat="29.73285" lon="-99.64977"/>
      <trkpt lat="29.733" lon="-99.64968"/>
      <trkpt lat="29.73325" lon="-99.64953"/>
      <trkpt lat="29.73344" lon="-99.6494"/>
      <trkpt lat="29.7336" lon="-99.64922"/>
      <trkpt lat="29.73366" lon="-99.64914"/>
      <trkpt lat="29.73371" lon="-99.64902"/>
      <trkpt lat="29.73376" lon="-99.64886"/>
      <trkpt lat="29.73377" lon="-99.64872"/>
      <trkpt lat="29.73377" lon="-99.64857"/>
      <trkpt lat="29.73371" lon="-99.64834"/>
      <trkpt lat="29.73364" lon="-99.64808"/>
      <trkpt lat="29.73362" lon="-99.64794"/>
      <trkpt lat="29.73362" lon="-99.6478"/>
      <trkpt lat="29.73365" lon="-99.64766"/>
      <trkpt lat="29.7337" lon="-99.64749"/>
      <trkpt lat="29.73374" lon="-99.64738"/>
      <trkpt lat="29.73386" lon="-99.64704"/>
      <trkpt lat="29.7339" lon="-99.64688"/>
      <trkpt lat="29.73393" lon="-99.64662"/>
      <trkpt lat="29.73396" lon="-99.64641"/>
      <trkpt lat="29.73402" lon="-99.6462"/>
      <trkpt lat="29.73413" lon="-99.64594"/>
      <trkpt lat="29.7343" lon="-99.64564"/>
      <trkpt lat="29.73455" lon="-99.64508"/>
      <trkpt lat="29.73465" lon="-99.64477"/>
      <trkpt lat="29.73469" lon="-99.64459"/>
      <trkpt lat="29.7347" lon="-99.64447"/>
      <trkpt lat="29.73469" lon="-99.64431"/>
      <trkpt lat="29.73465" lon="-99.64418"/>
      <trkpt lat="29.73455" lon="-99.64403"/>
      <trkpt lat="29.73438" lon="-99.64383"/>
      <trkpt lat="29.73433" lon="-99.64371"/>
      <trkpt lat="29.73429" lon="-99.64354"/>
      <trkpt lat="29.73429" lon="-99.64341"/>
      <trkpt lat="29.73432" lon="-99.64329"/>
      <trkpt lat="29.73436" lon="-99.6432"/>
      <trkpt lat="29.73444" lon="-99.64308"/>
      <trkpt lat="29.7346" lon="-99.64291"/>
      <trkpt lat="29.73467" lon="-99.6428"/>
      <trkpt lat="29.73471" lon="-99.64271"/>
      <trkpt lat="29.73473" lon="-99.64257"/>
      <trkpt lat="29.73474" lon="-99.64244"/>
      <trkpt lat="29.7347" lon="-99.64231"/>
      <trkpt lat="29.73456" lon="-99.64208"/>
      <trkpt lat="29.73449" lon="-99.64193"/>
      <trkpt lat="29.73447" lon="-99.64184"/>
      <trkpt lat="29.73446" lon="-99.64169"/>
      <trkpt lat="29.73448" lon="-99.6416"/>
      <trkpt lat="29.73452" lon="-99.64147"/>
      <trkpt lat="29.73463" lon="-99.64128"/>
      <trkpt lat="29.73476" lon="-99.64107"/>
      <trkpt lat="29.73493" lon="-99.64077"/>
      <trkpt lat="29.73512" lon="-99.64033"/>
      <trkpt lat="29.73535" lon="-99.63989"/>
      <trkpt lat="29.73549" lon="-99.63955"/>
      <trkpt lat="29.73561" lon="-99.63925"/>
      <trkpt lat="29.73581" lon="-99.63893"/>
      <trkpt lat="29.73594" lon="-99.63868"/>
      <trkpt lat="29.73603" lon="-99.63842"/>
      <trkpt lat="29.73608" lon="-99.63818"/>
      <trkpt lat="29.73612" lon="-99.63796"/>
      <trkpt lat="29.73614" lon="-99.63768"/>
      <trkpt lat="29.73615" lon="-99.63734"/>
      <trkpt lat="29.73617" lon="-99.63699"/>
      <trkpt lat="29.73622" lon="-99.63667"/>
      <trkpt lat="29.73633" lon="-99.6361"/>
      <trkpt lat="29.73651" lon="-99.63547"/>
      <trkpt lat="29.73686" lon="-99.63426"/>
      <trkpt lat="29.73691" lon="-99.63397"/>
      <trkpt lat="29.73692" lon="-99.63371"/>
      <trkpt lat="29.73691" lon="-99.63348"/>
      <trkpt lat="29.73687" lon="-99.63321"/>
      <trkpt lat="29.73678" lon="-99.63287"/>
      <trkpt lat="29.73666" lon="-99.63258"/>
      <trkpt lat="29.73649" lon="-99.63227"/>
      <trkpt lat="29.73616" lon="-99.63166"/>
      <trkpt lat="29.73605" lon="-99.63143"/>
      <trkpt lat="29.73597" lon="-99.63113"/>
      <trkpt lat="29.73596" lon="-99.63095"/>
      <trkpt lat="29.73596" lon="-99.63083"/>
      <trkpt lat="29.73598" lon="-99.63041"/>
      <trkpt lat="29.73608" lon="-99.62978"/>
      <trkpt lat="29.73618" lon="-99.6292"/>
      <trkpt lat="29.7362" lon="-99.6288"/>
      <trkpt lat="29.73621" lon="-99.62834"/>
      <trkpt lat="29.73621" lon="-99.62779"/>
      <trkpt lat="29.73621" lon="-99.62608"/>
      <trkpt lat="29.7362" lon="-99.62579"/>
      <trkpt lat="29.73617" lon="-99.62559"/>
      <trkpt lat="29.73614" lon="-99.62532"/>
      <trkpt lat="29.7361" lon="-99.625"/>
      <trkpt lat="29.73608" lon="-99.62432"/>
      <trkpt lat="29.7361" lon="-99.6233"/>
      <trkpt lat="29.73611" lon="-99.62252"/>
      <trkpt lat="29.73611" lon="-99.62189"/>
      <trkpt lat="29.73615" lon="-99.62135"/>
      <trkpt lat="29.73621" lon="-99.62074"/>
      <trkpt lat="29.73623" lon="-99.62064"/>
      <trkpt lat="29.7363" lon="-99.62023"/>
      <trkpt lat="29.73632" lon="-99.61992"/>
      <trkpt lat="29.73631" lon="-99.61916"/>
      <trkpt lat="29.73631" lon="-99.61837"/>
      <trkpt lat="29.73631" lon="-99.61776"/>
      <trkpt lat="29.73629" lon="-99.61703"/>
      <trkpt lat="29.73629" lon="-99.61678"/>
      <trkpt lat="29.7363" lon="-99.61657"/>
      <trkpt lat="29.73633" lon="-99.61639"/>
      <trkpt lat="29.73638" lon="-99.61619"/>
      <trkpt lat="29.73646" lon="-99.61596"/>
      <trkpt lat="29.73657" lon="-99.61577"/>
      <trkpt lat="29.73666" lon="-99.61562"/>
      <trkpt lat="29.73683" lon="-99.61543"/>
      <trkpt lat="29.73703" lon="-99.61525"/>
      <trkpt lat="29.73719" lon="-99.61515"/>
      <trkpt lat="29.73731" lon="-99.61508"/>
      <trkpt lat="29.73754" lon="-99.61495"/>
      <trkpt lat="29.73767" lon="-99.61483"/>
      <trkpt lat="29.73778" lon="-99.61472"/>
      <trkpt lat="29.73813" lon="-99.61433"/>
      <trkpt lat="29.73837" lon="-99.61404"/>
      <trkpt lat="29.73851" lon="-99.61388"/>
      <trkpt lat="29.7387" lon="-99.61372"/>
      <trkpt lat="29.73902" lon="-99.61348"/>
      <trkpt lat="29.7392" lon="-99.61335"/>
      <trkpt lat="29.73935" lon="-99.61319"/>
      <trkpt lat="29.73945" lon="-99.61304"/>
      <trkpt lat="29.73951" lon="-99.6129"/>
      <trkpt lat="29.73953" lon="-99.61274"/>
      <trkpt lat="29.73953" lon="-99.6125"/>
      <trkpt lat="29.7395" lon="-99.61205"/>
      <trkpt lat="29.73952" lon="-99.61181"/>
      <trkpt lat="29.73955" lon="-99.61166"/>
      <trkpt lat="29.73962" lon="-99.61144"/>
      <trkpt lat="29.7397" lon="-99.61129"/>
      <trkpt lat="29.73979" lon="-99.61114"/>
      <trkpt lat="29.7399" lon="-99.61104"/>
      <trkpt lat="29.74" lon="-99.611"/>
      <trkpt lat="29.74011" lon="-99.61099"/>
      <trkpt lat="29.74019" lon="-99.61101"/>
      <trkpt lat="29.74041" lon="-99.61108"/>
      <trkpt lat="29.74057" lon="-99.6111"/>
      <trkpt lat="29.7407" lon="-99.61108"/>
      <trkpt lat="29.74082" lon="-99.61104"/>
      <trkpt lat="29.74094" lon="-99.61093"/>
      <trkpt lat="29.74114" lon="-99.61066"/>
      <trkpt lat="29.74132" lon="-99.61035"/>
      <trkpt lat="29.74157" lon="-99.6099"/>
      <trkpt lat="29.74163" lon="-99.60975"/>
      <trkpt lat="29.74167" lon="-99.60961"/>
      <trkpt lat="29.74169" lon="-99.60945"/>
      <trkpt lat="29.74166" lon="-99.60931"/>
      <trkpt lat="29.7416" lon="-99.60916"/>
      <trkpt lat="29.74151" lon="-99.60905"/>
      <trkpt lat="29.7413" lon="-99.60881"/>
      <trkpt lat="29.74098" lon="-99.60847"/>
      <trkpt lat="29.74084" lon="-99.60832"/>
      <trkpt lat="29.74054" lon="-99.60807"/>
      <trkpt lat="29.74045" lon="-99.60801"/>
      <trkpt lat="29.74017" lon="-99.60779"/>
      <trkpt lat="29.74" lon="-99.6076"/>
      <trkpt lat="29.73989" lon="-99.60744"/>
      <trkpt lat="29.73975" lon="-99.60712"/>
      <trkpt lat="29.73961" lon="-99.60663"/>
      <trkpt lat="29.7394" lon="-99.60592"/>
      <trkpt lat="29.73933" lon="-99.60562"/>
      <trkpt lat="29.73931" lon="-99.60538"/>
      <trkpt lat="29.73931" lon="-99.60516"/>
      <trkpt lat="29.73934" lon="-99.60495"/>
      <trkpt lat="29.73939" lon="-99.60475"/>
      <trkpt lat="29.73948" lon="-99.6045"/>
      <trkpt lat="29.73951" lon="-99.60443"/>
      <trkpt lat="29.73969" lon="-99.60411"/>
      <trkpt lat="29.74017" lon="-99.60341"/>
      <trkpt lat="29.74027" lon="-99.60328"/>
      <trkpt lat="29.74051" lon="-99.60293"/>
      <trkpt lat="29.74073" lon="-99.60268"/>
      <trkpt lat="29.74096" lon="-99.60246"/>
      <trkpt lat="29.74115" lon="-99.60232"/>
      <trkpt lat="29.74135" lon="-99.6022"/>
      <trkpt lat="29.7416" lon="-99.60208"/>
      <trkpt lat="29.74187" lon="-99.60199"/>
      <trkpt lat="29.74219" lon="-99.60192"/>
      <trkpt lat="29.74317" lon="-99.60179"/>
      <trkpt lat="29.74343" lon="-99.60175"/>
      <trkpt lat="29.7436" lon="-99.60173"/>
      <trkpt lat="29.74383" lon="-99.6017"/>
      <trkpt lat="29.74412" lon="-99.60163"/>
      <trkpt lat="29.74444" lon="-99.60152"/>
      <trkpt lat="29.74471" lon="-99.6014"/>
      <trkpt lat="29.74498" lon="-99.60123"/>
      <trkpt lat="29.74521" lon="-99.60106"/>
      <trkpt lat="29.74545" lon="-99.60084"/>
      <trkpt lat="29.74564" lon="-99.60062"/>
      <trkpt lat="29.74582" lon="-99.60039"/>
      <trkpt lat="29.74593" lon="-99.60021"/>
      <trkpt lat="29.74608" lon="-99.59994"/>
      <trkpt lat="29.74626" lon="-99.59954"/>
      <trkpt lat="29.74641" lon="-99.59907"/>
      <trkpt lat="29.74705" lon="-99.59746"/>
      <trkpt lat="29.74719" lon="-99.59705"/>
      <trkpt lat="29.74728" lon="-99.59666"/>
      <trkpt lat="29.74735" lon="-99.59633"/>
      <trkpt lat="29.7474" lon="-99.59591"/>
      <trkpt lat="29.74744" lon="-99.59555"/>
      <trkpt lat="29.74745" lon="-99.59504"/>
      <trkpt lat="29.74743" lon="-99.59478"/>
      <trkpt lat="29.74743" lon="-99.59405"/>
      <trkpt lat="29.74743" lon="-99.59371"/>
      <trkpt lat="29.74747" lon="-99.5934"/>
      <trkpt lat="29.74754" lon="-99.59303"/>
      <trkpt lat="29.74766" lon="-99.5926"/>
      <trkpt lat="29.74778" lon="-99.59229"/>
      <trkpt lat="29.74789" lon="-99.59204"/>
      <trkpt lat="29.74806" lon="-99.59174"/>
      <trkpt lat="29.74823" lon="-99.59149"/>
      <trkpt lat="29.74922" lon="-99.59028"/>
      <trkpt lat="29.74937" lon="-99.59006"/>
      <trkpt lat="29.74952" lon="-99.58978"/>
      <trkpt lat="29.74976" lon="-99.58926"/>
      <trkpt lat="29.74988" lon="-99.58899"/>
      <trkpt lat="29.75005" lon="-99.58872"/>
      <trkpt lat="29.75024" lon="-99.58844"/>
      <trkpt lat="29.7505" lon="-99.58812"/>
      <trkpt lat="29.75074" lon="-99.58788"/>
      <trkpt lat="29.75098" lon="-99.58766"/>
      <trkpt lat="29.75132" lon="-99.58742"/>
      <trkpt lat="29.75171" lon="-99.58722"/>
      <trkpt lat="29.75243" lon="-99.58691"/>
      <trkpt lat="29.75477" lon="-99.586"/>
      <trkpt lat="29.75516" lon="-99.58582"/>
      <trkpt lat="29.7554" lon="-99.58566"/>
      <trkpt lat="29.75559" lon="-99.58549"/>
      <trkpt lat="29.75581" lon="-99.58524"/>
      <trkpt lat="29.75599" lon="-99.585"/>
      <trkpt lat="29.75614" lon="-99.58475"/>
      <trkpt lat="29.75639" lon="-99.58427"/>
      <trkpt lat="29.7574" lon="-99.58237"/>
      <trkpt lat="29.75867" lon="-99.57993"/>
      <trkpt lat="29.75881" lon="-99.57969"/>
      <trkpt lat="29.759" lon="-99.57933"/>
      <trkpt lat="29.75911" lon="-99.57912"/>
      <trkpt lat="29.75931" lon="-99.57872"/>
      <trkpt lat="29.7594" lon="-99.57853"/>
      <trkpt lat="29.75952" lon="-99.57827"/>
      <trkpt lat="29.75964" lon="-99.57792"/>
      <trkpt lat="29.75975" lon="-99.57754"/>
      <trkpt lat="29.75983" lon="-99.57722"/>
      <trkpt lat="29.75991" lon="-99.57686"/>
      <trkpt lat="29.75995" lon="-99.57653"/>
      <trkpt lat="29.75996" lon="-99.5765"/>
      <trkpt lat="29.75998" lon="-99.57606"/>
      <trkpt lat="29.75999" lon="-99.57555"/>
      <trkpt lat="29.75997" lon="-99.57519"/>
      <trkpt lat="29.75994" lon="-99.57486"/>
      <trkpt lat="29.7599" lon="-99.57459"/>
      <trkpt lat="29.75985" lon="-99.57435"/>
      <trkpt lat="29.75973" lon="-99.57388"/>
      <trkpt lat="29.75969" lon="-99.57373"/>
      <trkpt lat="29.75924" lon="-99.57212"/>
      <trkpt lat="29.75882" lon="-99.57069"/>
      <trkpt lat="29.75856" lon="-99.56953"/>
      <trkpt lat="29.75836" lon="-99.56831"/>
      <trkpt lat="29.75826" lon="-99.56741"/>
      <trkpt lat="29.75822" lon="-99.56692"/>
      <trkpt lat="29.75818" lon="-99.5662"/>
      <trkpt lat="29.75817" lon="-99.56354"/>
      <trkpt lat="29.75816" lon="-99.56347"/>
      <trkpt lat="29.75816" lon="-99.56335"/>
      <trkpt lat="29.75816" lon="-99.56305"/>
      <trkpt lat="29.75816" lon="-99.56294"/>
      <trkpt lat="29.75801" lon="-99.56292"/>
      <trkpt lat="29.7578" lon="-99.56287"/>
      <trkpt lat="29.75771" lon="-99.56285"/>
      <trkpt lat="29.75739" lon="-99.56276"/>
      <trkpt lat="29.75703" lon="-99.56263"/>
      <trkpt lat="29.75653" lon="-99.56242"/>
      <trkpt lat="29.75609" lon="-99.56218"/>
      <trkpt lat="29.75478" lon="-99.5614"/>
      <trkpt lat="29.75383" lon="-99.56081"/>
      <trkpt lat="29.75326" lon="-99.56047"/>
      <trkpt lat="29.75272" lon="-99.56019"/>
      <trkpt lat="29.75217" lon="-99.55998"/>
      <trkpt lat="29.75124" lon="-99.55971"/>
      <trkpt lat="29.75118" lon="-99.5597"/>
      <trkpt lat="29.75042" lon="-99.55952"/>
      <trkpt lat="29.74995" lon="-99.55938"/>
      <trkpt lat="29.74906" lon="-99.55908"/>
      <trkpt lat="29.74848" lon="-99.55876"/>
      <trkpt lat="29.74792" lon="-99.55832"/>
      <trkpt lat="29.74391" lon="-99.55493"/>
      <trkpt lat="29.7437" lon="-99.55476"/>
      <trkpt lat="29.74375" lon="-99.55468"/>
      <trkpt lat="29.74378" lon="-99.55461"/>
      <trkpt lat="29.74394" lon="-99.55432"/>
      <trkpt lat="29.74389" lon="-99.55446"/>
      <trkpt lat="29.74386" lon="-99.55456"/>
      <trkpt lat="29.74384" lon="-99.55467"/>
      <trkpt lat="29.74384" lon="-99.55473"/>
      <trkpt lat="29.74384" lon="-99.55478"/>
      <trkpt lat="29.74387" lon="-99.55485"/>
      <trkpt lat="29.74391" lon="-99.55493"/>
      <trkpt lat="29.7437" lon="-99.55476"/>
      <trkpt lat="29.74375" lon="-99.55468"/>
      <trkpt lat="29.74378" lon="-99.55461"/>
      <trkpt lat="29.74394" lon="-99.55432"/>
      <trkpt lat="29.74411" lon="-99.55401"/>
      <trkpt lat="29.74448" lon="-99.55334"/>
      <trkpt lat="29.74497" lon="-99.55243"/>
      <trkpt lat="29.74521" lon="-99.55196"/>
      <trkpt lat="29.74534" lon="-99.55171"/>
      <trkpt lat="29.74587" lon="-99.55071"/>
      <trkpt lat="29.74684" lon="-99.54889"/>
      <trkpt lat="29.74725" lon="-99.5481"/>
      <trkpt lat="29.74789" lon="-99.54671"/>
      <trkpt lat="29.74849" lon="-99.54514"/>
      <trkpt lat="29.74951" lon="-99.54254"/>
      <trkpt lat="29.74959" lon="-99.54233"/>
      <trkpt lat="29.75073" lon="-99.53964"/>
      <trkpt lat="29.75089" lon="-99.5393"/>
      <trkpt lat="29.75158" lon="-99.5377"/>
      <trkpt lat="29.75193" lon="-99.53696"/>
      <trkpt lat="29.75211" lon="-99.5366"/>
      <trkpt lat="29.75226" lon="-99.53633"/>
      <trkpt lat="29.7525" lon="-99.53602"/>
      <trkpt lat="29.75291" lon="-99.53542"/>
      <trkpt lat="29.75367" lon="-99.53454"/>
      <trkpt lat="29.75581" lon="-99.532"/>
      <trkpt lat="29.75636" lon="-99.53135"/>
      <trkpt lat="29.75669" lon="-99.53087"/>
      <trkpt lat="29.75687" lon="-99.5306"/>
      <trkpt lat="29.75712" lon="-99.53013"/>
      <trkpt lat="29.75728" lon="-99.5298"/>
      <trkpt lat="29.75744" lon="-99.52943"/>
      <trkpt lat="29.75748" lon="-99.52923"/>
      <trkpt lat="29.75757" lon="-99.52892"/>
      <trkpt lat="29.75771" lon="-99.52822"/>
      <trkpt lat="29.75779" lon="-99.52761"/>
      <trkpt lat="29.7578" lon="-99.52717"/>
      <trkpt lat="29.75778" lon="-99.52671"/>
      <trkpt lat="29.75749" lon="-99.52435"/>
      <trkpt lat="29.75746" lon="-99.52403"/>
      <trkpt lat="29.75746" lon="-99.52372"/>
      <trkpt lat="29.75748" lon="-99.52308"/>
      <trkpt lat="29.75754" lon="-99.52262"/>
      <trkpt lat="29.75762" lon="-99.52216"/>
      <trkpt lat="29.75777" lon="-99.52159"/>
      <trkpt lat="29.75778" lon="-99.52158"/>
      <trkpt lat="29.7579" lon="-99.52128"/>
      <trkpt lat="29.75801" lon="-99.521"/>
      <trkpt lat="29.7581" lon="-99.52078"/>
      <trkpt lat="29.75843" lon="-99.52005"/>
      <trkpt lat="29.75931" lon="-99.51839"/>
      <trkpt lat="29.7603" lon="-99.51651"/>
      <trkpt lat="29.76053" lon="-99.51613"/>
      <trkpt lat="29.76079" lon="-99.51573"/>
      <trkpt lat="29.7619" lon="-99.51424"/>
      <trkpt lat="29.76212" lon="-99.51387"/>
      <trkpt lat="29.76226" lon="-99.51362"/>
      <trkpt lat="29.76243" lon="-99.51324"/>
      <trkpt lat="29.76258" lon="-99.51288"/>
      <trkpt lat="29.76309" lon="-99.51128"/>
      <trkpt lat="29.76332" lon="-99.51068"/>
      <trkpt lat="29.76355" lon="-99.51018"/>
      <trkpt lat="29.76436" lon="-99.50851"/>
      <trkpt lat="29.76462" lon="-99.5081"/>
      <trkpt lat="29.76503" lon="-99.50726"/>
      <trkpt lat="29.76534" lon="-99.50657"/>
      <trkpt lat="29.76565" lon="-99.50577"/>
      <trkpt lat="29.76598" lon="-99.50481"/>
      <trkpt lat="29.76617" lon="-99.50412"/>
      <trkpt lat="29.76626" lon="-99.50379"/>
      <trkpt lat="29.76635" lon="-99.50341"/>
      <trkpt lat="29.76646" lon="-99.50291"/>
      <trkpt lat="29.76649" lon="-99.50266"/>
      <trkpt lat="29.7665" lon="-99.50259"/>
      <trkpt lat="29.76659" lon="-99.50221"/>
      <trkpt lat="29.76671" lon="-99.50141"/>
      <trkpt lat="29.76679" lon="-99.50069"/>
      <trkpt lat="29.76686" lon="-99.49946"/>
      <trkpt lat="29.76687" lon="-99.49894"/>
      <trkpt lat="29.76686" lon="-99.49856"/>
      <trkpt lat="29.76679" lon="-99.49803"/>
      <trkpt lat="29.7666" lon="-99.49718"/>
      <trkpt lat="29.76653" lon="-99.49681"/>
      <trkpt lat="29.76649" lon="-99.4964"/>
      <trkpt lat="29.76649" lon="-99.49604"/>
      <trkpt lat="29.76651" lon="-99.49553"/>
      <trkpt lat="29.76664" lon="-99.49394"/>
      <trkpt lat="29.76671" lon="-99.4933"/>
      <trkpt lat="29.76673" lon="-99.49303"/>
      <trkpt lat="29.76677" lon="-99.49259"/>
      <trkpt lat="29.76684" lon="-99.4922"/>
      <trkpt lat="29.76696" lon="-99.49182"/>
      <trkpt lat="29.76712" lon="-99.49146"/>
      <trkpt lat="29.76728" lon="-99.49115"/>
      <trkpt lat="29.76757" lon="-99.49081"/>
      <trkpt lat="29.76785" lon="-99.49054"/>
      <trkpt lat="29.76805" lon="-99.49039"/>
      <trkpt lat="29.76828" lon="-99.49024"/>
      <trkpt lat="29.76864" lon="-99.49006"/>
      <trkpt lat="29.76899" lon="-99.48983"/>
      <trkpt lat="29.76921" lon="-99.48964"/>
      <trkpt lat="29.76949" lon="-99.48931"/>
      <trkpt lat="29.76953" lon="-99.48924"/>
      <trkpt lat="29.76974" lon="-99.48895"/>
      <trkpt lat="29.76987" lon="-99.48869"/>
      <trkpt lat="29.77003" lon="-99.48827"/>
      <trkpt lat="29.77007" lon="-99.48803"/>
      <trkpt lat="29.77013" lon="-99.48783"/>
      <trkpt lat="29.77017" lon="-99.48753"/>
      <trkpt lat="29.77018" lon="-99.48704"/>
      <trkpt lat="29.7701" lon="-99.48606"/>
      <trkpt lat="29.77" lon="-99.48476"/>
      <trkpt lat="29.76994" lon="-99.48382"/>
      <trkpt lat="29.76991" lon="-99.48305"/>
      <trkpt lat="29.76994" lon="-99.48234"/>
      <trkpt lat="29.77011" lon="-99.48043"/>
      <trkpt lat="29.77013" lon="-99.48007"/>
      <trkpt lat="29.77011" lon="-99.47971"/>
      <trkpt lat="29.77008" lon="-99.47935"/>
      <trkpt lat="29.76998" lon="-99.47881"/>
      <trkpt lat="29.76983" lon="-99.47831"/>
      <trkpt lat="29.76959" lon="-99.4777"/>
      <trkpt lat="29.76946" lon="-99.47743"/>
      <trkpt lat="29.76932" lon="-99.47717"/>
      <trkpt lat="29.76916" lon="-99.47693"/>
      <trkpt lat="29.76899" lon="-99.47671"/>
      <trkpt lat="29.76879" lon="-99.47651"/>
      <trkpt lat="29.76859" lon="-99.47632"/>
      <trkpt lat="29.7684" lon="-99.47618"/>
      <trkpt lat="29.76814" lon="-99.47601"/>
      <trkpt lat="29.76779" lon="-99.47584"/>
      <trkpt lat="29.76732" lon="-99.4757"/>
      <trkpt lat="29.76491" lon="-99.47539"/>
      <trkpt lat="29.76456" lon="-99.47533"/>
      <trkpt lat="29.76433" lon="-99.47526"/>
      <trkpt lat="29.76411" lon="-99.47516"/>
      <trkpt lat="29.76389" lon="-99.47504"/>
      <trkpt lat="29.76358" lon="-99.47481"/>
      <trkpt lat="29.7633" lon="-99.47454"/>
      <trkpt lat="29.76313" lon="-99.47433"/>
      <trkpt lat="29.76298" lon="-99.47411"/>
      <trkpt lat="29.76279" lon="-99.47374"/>
      <trkpt lat="29.76262" lon="-99.4733"/>
      <trkpt lat="29.76252" lon="-99.47306"/>
      <trkpt lat="29.7616" lon="-99.47046"/>
      <trkpt lat="29.76053" lon="-99.46742"/>
      <trkpt lat="29.75955" lon="-99.46456"/>
      <trkpt lat="29.75946" lon="-99.46421"/>
      <trkpt lat="29.75938" lon="-99.46386"/>
      <trkpt lat="29.75931" lon="-99.46331"/>
      <trkpt lat="29.75929" lon="-99.46275"/>
      <trkpt lat="29.75928" lon="-99.46257"/>
      <trkpt lat="29.7593" lon="-99.46221"/>
      <trkpt lat="29.75933" lon="-99.46186"/>
      <trkpt lat="29.75938" lon="-99.46152"/>
      <trkpt lat="29.75949" lon="-99.46101"/>
      <trkpt lat="29.7597" lon="-99.46037"/>
      <trkpt lat="29.75994" lon="-99.45979"/>
      <trkpt lat="29.7601" lon="-99.4595"/>
      <trkpt lat="29.76027" lon="-99.4592"/>
      <trkpt lat="29.76045" lon="-99.45892"/>
      <trkpt lat="29.76077" lon="-99.45851"/>
      <trkpt lat="29.76252" lon="-99.45665"/>
      <trkpt lat="29.76298" lon="-99.4561"/>
      <trkpt lat="29.76318" lon="-99.4558"/>
      <trkpt lat="29.76336" lon="-99.45546"/>
      <trkpt lat="29.76343" lon="-99.45529"/>
      <trkpt lat="29.76356" lon="-99.45493"/>
      <trkpt lat="29.76365" lon="-99.45457"/>
      <trkpt lat="29.76609" lon="-99.4412"/>
      <trkpt lat="29.76621" lon="-99.44055"/>
      <trkpt lat="29.76627" lon="-99.44023"/>
      <trkpt lat="29.76635" lon="-99.43975"/>
      <trkpt lat="29.76641" lon="-99.43938"/>
      <trkpt lat="29.76671" lon="-99.43645"/>
      <trkpt lat="29.76681" lon="-99.43587"/>
      <trkpt lat="29.76695" lon="-99.43524"/>
      <trkpt lat="29.76714" lon="-99.43463"/>
      <trkpt lat="29.76722" lon="-99.43439"/>
      <trkpt lat="29.76738" lon="-99.43398"/>
      <trkpt lat="29.76757" lon="-99.43356"/>
      <trkpt lat="29.76818" lon="-99.43236"/>
      <trkpt lat="29.76842" lon="-99.43179"/>
      <trkpt lat="29.76857" lon="-99.43135"/>
      <trkpt lat="29.76864" lon="-99.43117"/>
      <trkpt lat="29.76903" lon="-99.42995"/>
      <trkpt lat="29.77008" lon="-99.42677"/>
      <trkpt lat="29.77095" lon="-99.42412"/>
      <trkpt lat="29.77126" lon="-99.4232"/>
      <trkpt lat="29.77126" lon="-99.42318"/>
      <trkpt lat="29.77339" lon="-99.41672"/>
      <trkpt lat="29.77356" lon="-99.4162"/>
      <trkpt lat="29.7738" lon="-99.41542"/>
      <trkpt lat="29.77406" lon="-99.41443"/>
      <trkpt lat="29.77416" lon="-99.41389"/>
      <trkpt lat="29.77427" lon="-99.41316"/>
      <trkpt lat="29.77429" lon="-99.41295"/>
      <trkpt lat="29.77437" lon="-99.41225"/>
      <trkpt lat="29.7744" lon="-99.41157"/>
      <trkpt lat="29.77441" lon="-99.41075"/>
      <trkpt lat="29.7744" lon="-99.41053"/>
      <trkpt lat="29.7743" lon="-99.408"/>
      <trkpt lat="29.7743" lon="-99.40795"/>
      <trkpt lat="29.77428" lon="-99.40745"/>
      <trkpt lat="29.77425" lon="-99.40594"/>
      <trkpt lat="29.77427" lon="-99.40502"/>
      <trkpt lat="29.77432" lon="-99.40466"/>
      <trkpt lat="29.77438" lon="-99.40435"/>
      <trkpt lat="29.77447" lon="-99.404"/>
      <trkpt lat="29.77461" lon="-99.40361"/>
      <trkpt lat="29.77478" lon="-99.40324"/>
      <trkpt lat="29.77505" lon="-99.40275"/>
      <trkpt lat="29.77549" lon="-99.40208"/>
      <trkpt lat="29.77555" lon="-99.40201"/>
      <trkpt lat="29.77585" lon="-99.40158"/>
      <trkpt lat="29.77598" lon="-99.40134"/>
      <trkpt lat="29.77611" lon="-99.40108"/>
      <trkpt lat="29.77622" lon="-99.40079"/>
      <trkpt lat="29.77631" lon="-99.40049"/>
      <trkpt lat="29.77638" lon="-99.40017"/>
      <trkpt lat="29.77642" lon="-99.39984"/>
      <trkpt lat="29.77643" lon="-99.39935"/>
      <trkpt lat="29.77641" lon="-99.39889"/>
      <trkpt lat="29.77641" lon="-99.39887"/>
      <trkpt lat="29.77633" lon="-99.397"/>
      <trkpt lat="29.77609" lon="-99.39143"/>
      <trkpt lat="29.77599" lon="-99.38906"/>
      <trkpt lat="29.77599" lon="-99.38891"/>
      <trkpt lat="29.77599" lon="-99.38868"/>
      <trkpt lat="29.77602" lon="-99.3883"/>
      <trkpt lat="29.77612" lon="-99.38774"/>
      <trkpt lat="29.77623" lon="-99.38737"/>
      <trkpt lat="29.77636" lon="-99.38701"/>
      <trkpt lat="29.77651" lon="-99.38666"/>
      <trkpt lat="29.7767" lon="-99.38633"/>
      <trkpt lat="29.77691" lon="-99.38603"/>
      <trkpt lat="29.77714" lon="-99.38574"/>
      <trkpt lat="29.77738" lon="-99.38549"/>
      <trkpt lat="29.77764" lon="-99.38525"/>
      <trkpt lat="29.77791" lon="-99.38505"/>
      <trkpt lat="29.7782" lon="-99.38487"/>
      <trkpt lat="29.77865" lon="-99.38466"/>
      <trkpt lat="29.78227" lon="-99.38312"/>
      <trkpt lat="29.78272" lon="-99.38287"/>
      <trkpt lat="29.78296" lon="-99.38269"/>
      <trkpt lat="29.78312" lon="-99.38257"/>
      <trkpt lat="29.78336" lon="-99.38235"/>
      <trkpt lat="29.7836" lon="-99.38209"/>
      <trkpt lat="29.78381" lon="-99.38182"/>
      <trkpt lat="29.78401" lon="-99.38152"/>
      <trkpt lat="29.78419" lon="-99.38119"/>
      <trkpt lat="29.78435" lon="-99.38083"/>
      <trkpt lat="29.7845" lon="-99.38043"/>
      <trkpt lat="29.78457" lon="-99.38015"/>
      <trkpt lat="29.78466" lon="-99.37968"/>
      <trkpt lat="29.78468" lon="-99.37938"/>
      <trkpt lat="29.78472" lon="-99.37903"/>
      <trkpt lat="29.78471" lon="-99.373"/>
      <trkpt lat="29.78473" lon="-99.37225"/>
      <trkpt lat="29.78483" lon="-99.37162"/>
      <trkpt lat="29.78533" lon="-99.36893"/>
      <trkpt lat="29.78574" lon="-99.36665"/>
      <trkpt lat="29.78617" lon="-99.36416"/>
      <trkpt lat="29.78625" lon="-99.3637"/>
      <trkpt lat="29.78627" lon="-99.36346"/>
      <trkpt lat="29.78635" lon="-99.36288"/>
      <trkpt lat="29.78644" lon="-99.36195"/>
      <trkpt lat="29.78652" lon="-99.36132"/>
      <trkpt lat="29.78655" lon="-99.3611"/>
      <trkpt lat="29.7866" lon="-99.36074"/>
      <trkpt lat="29.78683" lon="-99.35921"/>
      <trkpt lat="29.78724" lon="-99.35616"/>
      <trkpt lat="29.78745" lon="-99.35465"/>
      <trkpt lat="29.78803" lon="-99.35063"/>
      <trkpt lat="29.7882" lon="-99.34919"/>
      <trkpt lat="29.78839" lon="-99.34719"/>
      <trkpt lat="29.78845" lon="-99.34669"/>
      <trkpt lat="29.78929" lon="-99.33872"/>
      <trkpt lat="29.78959" lon="-99.33577"/>
      <trkpt lat="29.78968" lon="-99.33497"/>
      <trkpt lat="29.78987" lon="-99.33317"/>
      <trkpt lat="29.78995" lon="-99.33252"/>
      <trkpt lat="29.7901" lon="-99.33187"/>
      <trkpt lat="29.79049" lon="-99.33057"/>
      <trkpt lat="29.79064" lon="-99.33021"/>
      <trkpt lat="29.79067" lon="-99.33013"/>
      <trkpt lat="29.79081" lon="-99.32987"/>
      <trkpt lat="29.79105" lon="-99.32951"/>
      <trkpt lat="29.79123" lon="-99.3293"/>
      <trkpt lat="29.7919" lon="-99.32854"/>
      <trkpt lat="29.79234" lon="-99.32803"/>
      <trkpt lat="29.79258" lon="-99.3278"/>
      <trkpt lat="29.79291" lon="-99.32733"/>
      <trkpt lat="29.79313" lon="-99.32692"/>
      <trkpt lat="29.79335" lon="-99.32637"/>
      <trkpt lat="29.79556" lon="-99.32033"/>
      <trkpt lat="29.79571" lon="-99.31995"/>
      <trkpt lat="29.79584" lon="-99.31966"/>
      <trkpt lat="29.7962" lon="-99.31913"/>
      <trkpt lat="29.79653" lon="-99.31873"/>
      <trkpt lat="29.79795" lon="-99.31736"/>
      <trkpt lat="29.79817" lon="-99.31713"/>
      <trkpt lat="29.79837" lon="-99.31688"/>
      <trkpt lat="29.79856" lon="-99.31661"/>
      <trkpt lat="29.79872" lon="-99.31633"/>
      <trkpt lat="29.79887" lon="-99.31604"/>
      <trkpt lat="29.799" lon="-99.31573"/>
      <trkpt lat="29.79908" lon="-99.31551"/>
      <trkpt lat="29.79922" lon="-99.31508"/>
      <trkpt lat="29.79984" lon="-99.31324"/>
      <trkpt lat="29.80016" lon="-99.31229"/>
      <trkpt lat="29.80028" lon="-99.3119"/>
      <trkpt lat="29.80037" lon="-99.3115"/>
      <trkpt lat="29.80046" lon="-99.31093"/>
      <trkpt lat="29.80049" lon="-99.31048"/>
      <trkpt lat="29.8005" lon="-99.31018"/>
      <trkpt lat="29.80047" lon="-99.30943"/>
      <trkpt lat="29.80041" lon="-99.30904"/>
      <trkpt lat="29.80036" lon="-99.30875"/>
      <trkpt lat="29.80022" lon="-99.3082"/>
      <trkpt lat="29.79961" lon="-99.30596"/>
      <trkpt lat="29.79943" lon="-99.30534"/>
      <trkpt lat="29.79914" lon="-99.30429"/>
      <trkpt lat="29.79905" lon="-99.30395"/>
      <trkpt lat="29.79817" lon="-99.30083"/>
      <trkpt lat="29.79788" lon="-99.29977"/>
      <trkpt lat="29.79781" lon="-99.29948"/>
      <trkpt lat="29.79776" lon="-99.29917"/>
      <trkpt lat="29.79774" lon="-99.29885"/>
      <trkpt lat="29.79774" lon="-99.29869"/>
      <trkpt lat="29.79775" lon="-99.29852"/>
      <trkpt lat="29.79779" lon="-99.29819"/>
      <trkpt lat="29.79788" lon="-99.29786"/>
      <trkpt lat="29.79805" lon="-99.29737"/>
      <trkpt lat="29.79832" lon="-99.29673"/>
      <trkpt lat="29.7987" lon="-99.29583"/>
      <trkpt lat="29.79881" lon="-99.29554"/>
      <trkpt lat="29.79892" lon="-99.2952"/>
      <trkpt lat="29.79901" lon="-99.29485"/>
      <trkpt lat="29.79906" lon="-99.29449"/>
      <trkpt lat="29.79907" lon="-99.29412"/>
      <trkpt lat="29.79902" lon="-99.29266"/>
      <trkpt lat="29.79898" lon="-99.29231"/>
      <trkpt lat="29.79891" lon="-99.29198"/>
      <trkpt lat="29.7988" lon="-99.29171"/>
      <trkpt lat="29.79874" lon="-99.29151"/>
      <trkpt lat="29.79851" lon="-99.29108"/>
      <trkpt lat="29.79757" lon="-99.28978"/>
      <trkpt lat="29.79743" lon="-99.28953"/>
      <trkpt lat="29.79727" lon="-99.2892"/>
      <trkpt lat="29.79721" lon="-99.28902"/>
      <trkpt lat="29.79713" lon="-99.28875"/>
      <trkpt lat="29.79706" lon="-99.28841"/>
      <trkpt lat="29.79706" lon="-99.2883"/>
      <trkpt lat="29.79703" lon="-99.28802"/>
      <trkpt lat="29.79693" lon="-99.28521"/>
      <trkpt lat="29.79691" lon="-99.28413"/>
      <trkpt lat="29.79688" lon="-99.28379"/>
      <trkpt lat="29.79683" lon="-99.28347"/>
      <trkpt lat="29.79656" lon="-99.28217"/>
      <trkpt lat="29.7965" lon="-99.28176"/>
      <trkpt lat="29.79647" lon="-99.28143"/>
      <trkpt lat="29.79645" lon="-99.28014"/>
      <trkpt lat="29.79639" lon="-99.27943"/>
      <trkpt lat="29.79601" lon="-99.27742"/>
      <trkpt lat="29.7959" lon="-99.27702"/>
      <trkpt lat="29.79575" lon="-99.27661"/>
      <trkpt lat="29.7955" lon="-99.27591"/>
      <trkpt lat="29.79536" lon="-99.27548"/>
      <trkpt lat="29.79529" lon="-99.27517"/>
      <trkpt lat="29.79523" lon="-99.27468"/>
      <trkpt lat="29.79523" lon="-99.27418"/>
      <trkpt lat="29.7953" lon="-99.27368"/>
      <trkpt lat="29.79564" lon="-99.2721"/>
      <trkpt lat="29.79581" lon="-99.27128"/>
      <trkpt lat="29.79593" lon="-99.27071"/>
      <trkpt lat="29.79603" lon="-99.2703"/>
      <trkpt lat="29.79608" lon="-99.26969"/>
      <trkpt lat="29.79607" lon="-99.26936"/>
      <trkpt lat="29.79607" lon="-99.26906"/>
      <trkpt lat="29.796" lon="-99.2686"/>
      <trkpt lat="29.7959" lon="-99.26815"/>
      <trkpt lat="29.79507" lon="-99.26506"/>
      <trkpt lat="29.795" lon="-99.26479"/>
      <trkpt lat="29.79492" lon="-99.2645"/>
      <trkpt lat="29.7949" lon="-99.2643"/>
      <trkpt lat="29.7949" lon="-99.26408"/>
      <trkpt lat="29.7949" lon="-99.26382"/>
      <trkpt lat="29.79496" lon="-99.26345"/>
      <trkpt lat="29.79501" lon="-99.2632"/>
      <trkpt lat="29.79508" lon="-99.26296"/>
      <trkpt lat="29.79536" lon="-99.26234"/>
      <trkpt lat="29.7956" lon="-99.26199"/>
      <trkpt lat="29.79617" lon="-99.26143"/>
      <trkpt lat="29.79641" lon="-99.26121"/>
      <trkpt lat="29.7967" lon="-99.26101"/>
      <trkpt lat="29.79738" lon="-99.26044"/>
      <trkpt lat="29.79851" lon="-99.25951"/>
      <trkpt lat="29.79872" lon="-99.25929"/>
      <trkpt lat="29.79902" lon="-99.25886"/>
      <trkpt lat="29.79911" lon="-99.25868"/>
      <trkpt lat="29.79925" lon="-99.25834"/>
      <trkpt lat="29.79933" lon="-99.25809"/>
      <trkpt lat="29.79938" lon="-99.2577"/>
      <trkpt lat="29.7994" lon="-99.25746"/>
      <trkpt lat="29.79941" lon="-99.25699"/>
      <trkpt lat="29.79942" lon="-99.25673"/>
      <trkpt lat="29.79949" lon="-99.25561"/>
      <trkpt lat="29.79954" lon="-99.25502"/>
      <trkpt lat="29.79959" lon="-99.25458"/>
      <trkpt lat="29.79967" lon="-99.25414"/>
      <trkpt lat="29.79976" lon="-99.25371"/>
      <trkpt lat="29.80005" lon="-99.25255"/>
      <trkpt lat="29.80012" lon="-99.25232"/>
      <trkpt lat="29.80013" lon="-99.25227"/>
      <trkpt lat="29.79968" lon="-99.25194"/>
      <trkpt lat="29.79948" lon="-99.25177"/>
      <trkpt lat="29.7994" lon="-99.25168"/>
      <trkpt lat="29.7993" lon="-99.25158"/>
      <trkpt lat="29.79899" lon="-99.25123"/>
      <trkpt lat="29.79834" lon="-99.25033"/>
      <trkpt lat="29.79822" lon="-99.25016"/>
      <trkpt lat="29.79805" lon="-99.24992"/>
      <trkpt lat="29.79764" lon="-99.24932"/>
      <trkpt lat="29.79755" lon="-99.2492"/>
      <trkpt lat="29.7973" lon="-99.2486"/>
      <trkpt lat="29.79726" lon="-99.2485"/>
      <trkpt lat="29.79726" lon="-99.24849"/>
      <trkpt lat="29.79708" lon="-99.24799"/>
      <trkpt lat="29.79701" lon="-99.24783"/>
      <trkpt lat="29.79723" lon="-99.24771"/>
      <trkpt lat="29.7978" lon="-99.24735"/>
      <trkpt lat="29.79838" lon="-99.24698"/>
      <trkpt lat="29.79768" lon="-99.24585"/>
      <trkpt lat="29.79668" lon="-99.24656"/>
      <trkpt lat="29.79653" lon="-99.24667"/>
      <trkpt lat="29.79651" lon="-99.24662"/>
      <trkpt lat="29.79628" lon="-99.24602"/>
      <trkpt lat="29.79626" lon="-99.24596"/>
      <trkpt lat="29.79617" lon="-99.24568"/>
      <trkpt lat="29.79583" lon="-99.24488"/>
      <trkpt lat="29.79556" lon="-99.24403"/>
      <trkpt lat="29.79554" lon="-99.24368"/>
      <trkpt lat="29.79554" lon="-99.24345"/>
      <trkpt lat="29.79555" lon="-99.24291"/>
      <trkpt lat="29.79556" lon="-99.24255"/>
      <trkpt lat="29.79558" lon="-99.24185"/>
      <trkpt lat="29.79558" lon="-99.24181"/>
      <trkpt lat="29.79564" lon="-99.24137"/>
      <trkpt lat="29.79594" lon="-99.24059"/>
      <trkpt lat="29.79596" lon="-99.24054"/>
      <trkpt lat="29.79631" lon="-99.23964"/>
      <trkpt lat="29.79682" lon="-99.2384"/>
      <trkpt lat="29.79736" lon="-99.23706"/>
      <trkpt lat="29.79772" lon="-99.23617"/>
      <trkpt lat="29.79783" lon="-99.23582"/>
      <trkpt lat="29.79788" lon="-99.23566"/>
      <trkpt lat="29.798" lon="-99.23469"/>
      <trkpt lat="29.798" lon="-99.23467"/>
      <trkpt lat="29.798" lon="-99.23392"/>
      <trkpt lat="29.79785" lon="-99.23291"/>
      <trkpt lat="29.79765" lon="-99.23199"/>
      <trkpt lat="29.79721" lon="-99.23064"/>
      <trkpt lat="29.79692" lon="-99.22995"/>
      <trkpt lat="29.79686" lon="-99.22981"/>
      <trkpt lat="29.79672" lon="-99.22953"/>
      <trkpt lat="29.7963" lon="-99.22866"/>
      <trkpt lat="29.79614" lon="-99.22831"/>
      <trkpt lat="29.79602" lon="-99.22804"/>
      <trkpt lat="29.79439" lon="-99.22443"/>
      <trkpt lat="29.79359" lon="-99.22265"/>
      <trkpt lat="29.79313" lon="-99.22162"/>
      <trkpt lat="29.7921" lon="-99.21932"/>
      <trkpt lat="29.79096" lon="-99.21682"/>
      <trkpt lat="29.79018" lon="-99.21512"/>
      <trkpt lat="29.79001" lon="-99.21483"/>
      <trkpt lat="29.78975" lon="-99.2145"/>
      <trkpt lat="29.78961" lon="-99.2144"/>
      <trkpt lat="29.78949" lon="-99.21432"/>
      <trkpt lat="29.78942" lon="-99.21428"/>
      <trkpt lat="29.78956" lon="-99.21406"/>
      <trkpt lat="29.78962" lon="-99.21394"/>
      <trkpt lat="29.7898" lon="-99.2138"/>
      <trkpt lat="29.79061" lon="-99.2133"/>
      <trkpt lat="29.79207" lon="-99.21242"/>
      <trkpt lat="29.79303" lon="-99.21183"/>
      <trkpt lat="29.79357" lon="-99.21144"/>
      <trkpt lat="29.79408" lon="-99.21094"/>
      <trkpt lat="29.79416" lon="-99.21087"/>
      <trkpt lat="29.79463" lon="-99.21024"/>
      <trkpt lat="29.79473" lon="-99.21007"/>
      <trkpt lat="29.79495" lon="-99.20972"/>
      <trkpt lat="29.7952" lon="-99.20919"/>
      <trkpt lat="29.79547" lon="-99.20843"/>
      <trkpt lat="29.79583" lon="-99.20659"/>
      <trkpt lat="29.79591" lon="-99.20616"/>
      <trkpt lat="29.79643" lon="-99.20338"/>
      <trkpt lat="29.79691" lon="-99.20076"/>
      <trkpt lat="29.79709" lon="-99.19977"/>
      <trkpt lat="29.79738" lon="-99.19822"/>
      <trkpt lat="29.79747" lon="-99.19718"/>
      <trkpt lat="29.79747" lon="-99.19708"/>
      <trkpt lat="29.79738" lon="-99.19592"/>
      <trkpt lat="29.79737" lon="-99.19584"/>
      <trkpt lat="29.79733" lon="-99.19568"/>
      <trkpt lat="29.79722" lon="-99.19528"/>
      <trkpt lat="29.79677" lon="-99.19415"/>
      <trkpt lat="29.79669" lon="-99.19393"/>
      <trkpt lat="29.7964" lon="-99.19321"/>
      <trkpt lat="29.79569" lon="-99.19115"/>
      <trkpt lat="29.79558" lon="-99.19081"/>
      <trkpt lat="29.7955" lon="-99.19041"/>
      <trkpt lat="29.79544" lon="-99.1899"/>
      <trkpt lat="29.79544" lon="-99.18894"/>
      <trkpt lat="29.79544" lon="-99.18778"/>
      <trkpt lat="29.79544" lon="-99.18689"/>
      <trkpt lat="29.79546" lon="-99.18643"/>
      <trkpt lat="29.79552" lon="-99.18604"/>
      <trkpt lat="29.79568" lon="-99.18532"/>
      <trkpt lat="29.79594" lon="-99.18464"/>
      <trkpt lat="29.79636" lon="-99.18389"/>
      <trkpt lat="29.79685" lon="-99.18312"/>
      <trkpt lat="29.79719" lon="-99.18246"/>
      <trkpt lat="29.79737" lon="-99.18194"/>
      <trkpt lat="29.79749" lon="-99.18147"/>
      <trkpt lat="29.79759" lon="-99.18098"/>
      <trkpt lat="29.79764" lon="-99.18037"/>
      <trkpt lat="29.79769" lon="-99.17914"/>
      <trkpt lat="29.79771" lon="-99.17718"/>
      <trkpt lat="29.79771" lon="-99.17712"/>
      <trkpt lat="29.79772" lon="-99.17688"/>
      <trkpt lat="29.79776" lon="-99.17412"/>
      <trkpt lat="29.79776" lon="-99.17355"/>
      <trkpt lat="29.79777" lon="-99.17141"/>
      <trkpt lat="29.79785" lon="-99.16974"/>
      <trkpt lat="29.79787" lon="-99.16942"/>
      <trkpt lat="29.79796" lon="-99.16892"/>
      <trkpt lat="29.79807" lon="-99.16836"/>
      <trkpt lat="29.79809" lon="-99.16829"/>
      <trkpt lat="29.79829" lon="-99.16768"/>
      <trkpt lat="29.79853" lon="-99.16713"/>
      <trkpt lat="29.79893" lon="-99.16651"/>
      <trkpt lat="29.79945" lon="-99.16585"/>
      <trkpt lat="29.80054" lon="-99.16465"/>
      <trkpt lat="29.80049" lon="-99.16456"/>
      <trkpt lat="29.80009" lon="-99.1639"/>
      <trkpt lat="29.79909" lon="-99.16225"/>
      <trkpt lat="29.7986" lon="-99.16145"/>
      <trkpt lat="29.79809" lon="-99.16059"/>
      <trkpt lat="29.79792" lon="-99.16032"/>
      <trkpt lat="29.7978" lon="-99.1601"/>
      <trkpt lat="29.79722" lon="-99.15904"/>
      <trkpt lat="29.797" lon="-99.1585"/>
      <trkpt lat="29.79683" lon="-99.15808"/>
      <trkpt lat="29.79659" lon="-99.15723"/>
      <trkpt lat="29.79653" lon="-99.15691"/>
      <trkpt lat="29.79647" lon="-99.15646"/>
      <trkpt lat="29.79637" lon="-99.15564"/>
      <trkpt lat="29.79633" lon="-99.15487"/>
      <trkpt lat="29.79637" lon="-99.15194"/>
      <trkpt lat="29.79639" lon="-99.15014"/>
      <trkpt lat="29.79634" lon="-99.14925"/>
      <trkpt lat="29.79626" lon="-99.1488"/>
      <trkpt lat="29.79621" lon="-99.14848"/>
      <trkpt lat="29.79607" lon="-99.148"/>
      <trkpt lat="29.79597" lon="-99.14765"/>
      <trkpt lat="29.79596" lon="-99.14763"/>
      <trkpt lat="29.79563" lon="-99.1469"/>
      <trkpt lat="29.7955" lon="-99.14665"/>
      <trkpt lat="29.79464" lon="-99.14497"/>
      <trkpt lat="29.79437" lon="-99.14445"/>
      <trkpt lat="29.79422" lon="-99.14413"/>
      <trkpt lat="29.79359" lon="-99.14288"/>
      <trkpt lat="29.79285" lon="-99.14146"/>
      <trkpt lat="29.79209" lon="-99.13997"/>
      <trkpt lat="29.79195" lon="-99.13971"/>
      <trkpt lat="29.79163" lon="-99.13907"/>
      <trkpt lat="29.79117" lon="-99.13816"/>
      <trkpt lat="29.79103" lon="-99.13789"/>
      <trkpt lat="29.79027" lon="-99.13642"/>
      <trkpt lat="29.78948" lon="-99.13486"/>
      <trkpt lat="29.78901" lon="-99.13393"/>
      <trkpt lat="29.78866" lon="-99.13322"/>
      <trkpt lat="29.78859" lon="-99.1331"/>
      <trkpt lat="29.78833" lon="-99.13261"/>
      <trkpt lat="29.78798" lon="-99.13197"/>
      <trkpt lat="29.78774" lon="-99.13159"/>
      <trkpt lat="29.78739" lon="-99.13112"/>
      <trkpt lat="29.78734" lon="-99.13106"/>
      <trkpt lat="29.78661" lon="-99.13015"/>
      <trkpt lat="29.78627" lon="-99.12967"/>
      <trkpt lat="29.78622" lon="-99.12961"/>
      <trkpt lat="29.78589" lon="-99.12907"/>
      <trkpt lat="29.78557" lon="-99.12842"/>
      <trkpt lat="29.78521" lon="-99.12749"/>
      <trkpt lat="29.78499" lon="-99.12687"/>
      <trkpt lat="29.78474" lon="-99.12612"/>
      <trkpt lat="29.7847" lon="-99.126"/>
      <trkpt lat="29.78429" lon="-99.12477"/>
      <trkpt lat="29.78392" lon="-99.12365"/>
      <trkpt lat="29.7834" lon="-99.12208"/>
      <trkpt lat="29.78324" lon="-99.12158"/>
      <trkpt lat="29.78305" lon="-99.12088"/>
      <trkpt lat="29.78285" lon="-99.12024"/>
      <trkpt lat="29.78275" lon="-99.11992"/>
      <trkpt lat="29.78243" lon="-99.11917"/>
      <trkpt lat="29.78215" lon="-99.11859"/>
      <trkpt lat="29.78193" lon="-99.11817"/>
      <trkpt lat="29.78157" lon="-99.11765"/>
      <trkpt lat="29.78148" lon="-99.11753"/>
      <trkpt lat="29.78136" lon="-99.11736"/>
      <trkpt lat="29.78115" lon="-99.11715"/>
      <trkpt lat="29.78079" lon="-99.11684"/>
      <trkpt lat="29.78029" lon="-99.11645"/>
      <trkpt lat="29.77784" lon="-99.11512"/>
      <trkpt lat="29.77666" lon="-99.11446"/>
      <trkpt lat="29.77639" lon="-99.11431"/>
      <trkpt lat="29.77454" lon="-99.11327"/>
      <trkpt lat="29.77419" lon="-99.11307"/>
      <trkpt lat="29.77297" lon="-99.11237"/>
      <trkpt lat="29.77274" lon="-99.11224"/>
      <trkpt lat="29.77018" lon="-99.1108"/>
      <trkpt lat="29.76993" lon="-99.11066"/>
      <trkpt lat="29.76922" lon="-99.11027"/>
      <trkpt lat="29.7689" lon="-99.11004"/>
      <trkpt lat="29.7686" lon="-99.1098"/>
      <trkpt lat="29.76827" lon="-99.10949"/>
      <trkpt lat="29.76677" lon="-99.10825"/>
      <trkpt lat="29.76527" lon="-99.10699"/>
      <trkpt lat="29.76498" lon="-99.10674"/>
      <trkpt lat="29.76386" lon="-99.10577"/>
      <trkpt lat="29.76351" lon="-99.10543"/>
      <trkpt lat="29.76313" lon="-99.10507"/>
      <trkpt lat="29.76266" lon="-99.10456"/>
      <trkpt lat="29.76222" lon="-99.1041"/>
      <trkpt lat="29.762" lon="-99.10387"/>
      <trkpt lat="29.76009" lon="-99.10182"/>
      <trkpt lat="29.75986" lon="-99.10156"/>
      <trkpt lat="29.75979" lon="-99.10148"/>
      <trkpt lat="29.75924" lon="-99.10087"/>
      <trkpt lat="29.75895" lon="-99.10054"/>
      <trkpt lat="29.75892" lon="-99.10051"/>
      <trkpt lat="29.75877" lon="-99.10033"/>
      <trkpt lat="29.75872" lon="-99.10028"/>
      <trkpt lat="29.75846" lon="-99.09998"/>
      <trkpt lat="29.75717" lon="-99.0985"/>
      <trkpt lat="29.75706" lon="-99.09838"/>
      <trkpt lat="29.75703" lon="-99.09834"/>
      <trkpt lat="29.75684" lon="-99.09813"/>
      <trkpt lat="29.75659" lon="-99.09783"/>
      <trkpt lat="29.75647" lon="-99.09769"/>
      <trkpt lat="29.75556" lon="-99.09666"/>
      <trkpt lat="29.75541" lon="-99.09649"/>
      <trkpt lat="29.75481" lon="-99.09578"/>
      <trkpt lat="29.75474" lon="-99.09571"/>
      <trkpt lat="29.75464" lon="-99.09558"/>
      <trkpt lat="29.75446" lon="-99.09538"/>
      <trkpt lat="29.75436" lon="-99.09526"/>
      <trkpt lat="29.75419" lon="-99.09506"/>
      <trkpt lat="29.75234" lon="-99.09293"/>
      <trkpt lat="29.75215" lon="-99.09271"/>
      <trkpt lat="29.74952" lon="-99.08968"/>
      <trkpt lat="29.74851" lon="-99.08851"/>
      <trkpt lat="29.74839" lon="-99.08838"/>
      <trkpt lat="29.74836" lon="-99.08835"/>
      <trkpt lat="29.74776" lon="-99.08768"/>
      <trkpt lat="29.74712" lon="-99.08702"/>
      <trkpt lat="29.74649" lon="-99.0864"/>
      <trkpt lat="29.74645" lon="-99.08636"/>
      <trkpt lat="29.74591" lon="-99.08581"/>
      <trkpt lat="29.74557" lon="-99.08548"/>
      <trkpt lat="29.74523" lon="-99.08514"/>
      <trkpt lat="29.74447" lon="-99.08436"/>
      <trkpt lat="29.74438" lon="-99.08427"/>
      <trkpt lat="29.74316" lon="-99.08304"/>
      <trkpt lat="29.74296" lon="-99.08283"/>
      <trkpt lat="29.7427" lon="-99.08263"/>
      <trkpt lat="29.74261" lon="-99.08258"/>
      <trkpt lat="29.7425" lon="-99.08249"/>
      <trkpt lat="29.74231" lon="-99.0824"/>
      <trkpt lat="29.74209" lon="-99.08236"/>
      <trkpt lat="29.74174" lon="-99.08228"/>
      <trkpt lat="29.74149" lon="-99.08229"/>
      <trkpt lat="29.7411" lon="-99.08233"/>
      <trkpt lat="29.74092" lon="-99.08233"/>
      <trkpt lat="29.74063" lon="-99.08228"/>
      <trkpt lat="29.7404" lon="-99.08219"/>
      <trkpt lat="29.74027" lon="-99.08213"/>
      <trkpt lat="29.74025" lon="-99.08212"/>
      <trkpt lat="29.74003" lon="-99.08194"/>
      <trkpt lat="29.73986" lon="-99.0818"/>
      <trkpt lat="29.73967" lon="-99.08157"/>
      <trkpt lat="29.73888" lon="-99.08067"/>
      <trkpt lat="29.73865" lon="-99.08041"/>
      <trkpt lat="29.73794" lon="-99.07959"/>
      <trkpt lat="29.73755" lon="-99.07915"/>
      <trkpt lat="29.7372" lon="-99.07878"/>
      <trkpt lat="29.73694" lon="-99.0785"/>
      <trkpt lat="29.73668" lon="-99.07823"/>
      <trkpt lat="29.73642" lon="-99.07797"/>
      <trkpt lat="29.73638" lon="-99.07791"/>
      <trkpt lat="29.73636" lon="-99.07787"/>
      <trkpt lat="29.73634" lon="-99.0778"/>
      <trkpt lat="29.73632" lon="-99.07774"/>
      <trkpt lat="29.73631" lon="-99.07766"/>
      <trkpt lat="29.73631" lon="-99.07759"/>
      <trkpt lat="29.73632" lon="-99.07751"/>
      <trkpt lat="29.73633" lon="-99.07743"/>
      <trkpt lat="29.73609" lon="-99.0774"/>
      <trkpt lat="29.73588" lon="-99.07734"/>
      <trkpt lat="29.73547" lon="-99.0772"/>
      <trkpt lat="29.73534" lon="-99.07715"/>
      <trkpt lat="29.73509" lon="-99.07705"/>
      <trkpt lat="29.7342" lon="-99.07666"/>
      <trkpt lat="29.73403" lon="-99.07658"/>
      <trkpt lat="29.73336" lon="-99.07627"/>
      <trkpt lat="29.7331" lon="-99.07615"/>
      <trkpt lat="29.73281" lon="-99.07602"/>
      <trkpt lat="29.73274" lon="-99.07599"/>
      <trkpt lat="29.73255" lon="-99.0759"/>
      <trkpt lat="29.73216" lon="-99.07574"/>
      <trkpt lat="29.73165" lon="-99.07551"/>
      <trkpt lat="29.7315" lon="-99.07544"/>
      <trkpt lat="29.7313" lon="-99.0754"/>
      <trkpt lat="29.73125" lon="-99.0754"/>
      <trkpt lat="29.73125" lon="-99.07533"/>
      <trkpt lat="29.73125" lon="-99.07522"/>
      <trkpt lat="29.73122" lon="-99.07511"/>
      <trkpt lat="29.73047" lon="-99.07424"/>
      <trkpt lat="29.72973" lon="-99.07337"/>
      <trkpt lat="29.72896" lon="-99.07247"/>
      <trkpt lat="29.72821" lon="-99.0716"/>
      <trkpt lat="29.72744" lon="-99.07248"/>
      <trkpt lat="29.72722" lon="-99.07223"/>
      <trkpt lat="29.72722" lon="-99.07222"/>
      <trkpt lat="29.72704" lon="-99.07202"/>
      <trkpt lat="29.72671" lon="-99.07164"/>
      <trkpt lat="29.7269" lon="-99.07143"/>
      <trkpt lat="29.72696" lon="-99.07135"/>
      <trkpt lat="29.72744" lon="-99.0708"/>
      <trkpt lat="29.72749" lon="-99.07075"/>
      <trkpt lat="29.72671" lon="-99.06989"/>
      <trkpt lat="29.72599" lon="-99.06905"/>
      <trkpt lat="29.72591" lon="-99.06896"/>
      <trkpt lat="29.72609" lon="-99.06874"/>
      <trkpt lat="29.72638" lon="-99.06842"/>
      <trkpt lat="29.72659" lon="-99.06824"/>
      <trkpt lat="29.72671" lon="-99.06815"/>
      <trkpt lat="29.72757" lon="-99.06741"/>
      <trkpt lat="29.72779" lon="-99.0672"/>
      <trkpt lat="29.728" lon="-99.06701"/>
      <trkpt lat="29.72857" lon="-99.06653"/>
      <trkpt lat="29.72864" lon="-99.06646"/>
      <trkpt lat="29.72872" lon="-99.06639"/>
      <trkpt lat="29.72885" lon="-99.06627"/>
      <trkpt lat="29.72888" lon="-99.06625"/>
      <trkpt lat="29.72892" lon="-99.06621"/>
      <trkpt lat="29.72911" lon="-99.06605"/>
      <trkpt lat="29.72937" lon="-99.0658"/>
      <trkpt lat="29.72947" lon="-99.0657"/>
      <trkpt lat="29.7297" lon="-99.06543"/>
      <trkpt lat="29.7298" lon="-99.0653"/>
      <trkpt lat="29.73009" lon="-99.06495"/>
      <trkpt lat="29.73034" lon="-99.06458"/>
      <trkpt lat="29.73041" lon="-99.06446"/>
      <trkpt lat="29.73069" lon="-99.06402"/>
      <trkpt lat="29.73097" lon="-99.06351"/>
      <trkpt lat="29.73119" lon="-99.063"/>
      <trkpt lat="29.73139" lon="-99.06246"/>
      <trkpt lat="29.73148" lon="-99.06222"/>
      <trkpt lat="29.73154" lon="-99.06207"/>
      <trkpt lat="29.73168" lon="-99.06157"/>
      <trkpt lat="29.73179" lon="-99.06104"/>
      <trkpt lat="29.73187" lon="-99.06054"/>
      <trkpt lat="29.73192" lon="-99.06014"/>
      <trkpt lat="29.73195" lon="-99.05978"/>
      <trkpt lat="29.73197" lon="-99.05926"/>
      <trkpt lat="29.73196" lon="-99.05869"/>
      <trkpt lat="29.73194" lon="-99.05824"/>
      <trkpt lat="29.73192" lon="-99.0578"/>
      <trkpt lat="29.73187" lon="-99.05612"/>
      <trkpt lat="29.73185" lon="-99.05578"/>
      <trkpt lat="29.73184" lon="-99.05548"/>
      <trkpt lat="29.73185" lon="-99.05474"/>
      <trkpt lat="29.73186" lon="-99.05444"/>
      <trkpt lat="29.73189" lon="-99.05416"/>
      <trkpt lat="29.73191" lon="-99.05396"/>
      <trkpt lat="29.73195" lon="-99.05367"/>
      <trkpt lat="29.732" lon="-99.05341"/>
      <trkpt lat="29.73211" lon="-99.05288"/>
      <trkpt lat="29.73226" lon="-99.05238"/>
      <trkpt lat="29.73243" lon="-99.05195"/>
      <trkpt lat="29.73267" lon="-99.05127"/>
      <trkpt lat="29.73289" lon="-99.05063"/>
      <trkpt lat="29.73328" lon="-99.04958"/>
      <trkpt lat="29.73363" lon="-99.04855"/>
      <trkpt lat="29.73402" lon="-99.04756"/>
      <trkpt lat="29.73416" lon="-99.04719"/>
      <trkpt lat="29.73439" lon="-99.04662"/>
      <trkpt lat="29.73465" lon="-99.04591"/>
      <trkpt lat="29.73484" lon="-99.04537"/>
      <trkpt lat="29.73495" lon="-99.04506"/>
      <trkpt lat="29.73508" lon="-99.04473"/>
      <trkpt lat="29.7351" lon="-99.04465"/>
      <trkpt lat="29.7352" lon="-99.04427"/>
      <trkpt lat="29.73526" lon="-99.04402"/>
      <trkpt lat="29.73536" lon="-99.04362"/>
      <trkpt lat="29.73539" lon="-99.04349"/>
      <trkpt lat="29.73543" lon="-99.0433"/>
      <trkpt lat="29.73553" lon="-99.04287"/>
      <trkpt lat="29.73597" lon="-99.04113"/>
      <trkpt lat="29.73609" lon="-99.04067"/>
      <trkpt lat="29.7361" lon="-99.04066"/>
      <trkpt lat="29.73625" lon="-99.04016"/>
      <trkpt lat="29.73641" lon="-99.03976"/>
      <trkpt lat="29.73646" lon="-99.03965"/>
      <trkpt lat="29.73649" lon="-99.03957"/>
      <trkpt lat="29.73661" lon="-99.03928"/>
      <trkpt lat="29.73662" lon="-99.03926"/>
      <trkpt lat="29.73718" lon="-99.03801"/>
      <trkpt lat="29.73757" lon="-99.03712"/>
      <trkpt lat="29.73831" lon="-99.03547"/>
      <trkpt lat="29.73838" lon="-99.0353"/>
      <trkpt lat="29.7386" lon="-99.0348"/>
      <trkpt lat="29.73935" lon="-99.0331"/>
      <trkpt lat="29.73975" lon="-99.03222"/>
      <trkpt lat="29.74035" lon="-99.0309"/>
      <trkpt lat="29.74068" lon="-99.03011"/>
      <trkpt lat="29.74082" lon="-99.02981"/>
      <trkpt lat="29.74116" lon="-99.02899"/>
      <trkpt lat="29.74157" lon="-99.02804"/>
      <trkpt lat="29.74174" lon="-99.02764"/>
      <trkpt lat="29.74237" lon="-99.02626"/>
      <trkpt lat="29.74238" lon="-99.02622"/>
      <trkpt lat="29.74289" lon="-99.02505"/>
      <trkpt lat="29.74312" lon="-99.02453"/>
      <trkpt lat="29.74344" lon="-99.02381"/>
      <trkpt lat="29.74362" lon="-99.02332"/>
      <trkpt lat="29.74397" lon="-99.02238"/>
      <trkpt lat="29.74398" lon="-99.02236"/>
      <trkpt lat="29.74414" lon="-99.02194"/>
      <trkpt lat="29.74449" lon="-99.02105"/>
      <trkpt lat="29.74483" lon="-99.02021"/>
      <trkpt lat="29.74505" lon="-99.01965"/>
      <trkpt lat="29.74519" lon="-99.0193"/>
      <trkpt lat="29.74552" lon="-99.01848"/>
      <trkpt lat="29.74571" lon="-99.01793"/>
      <trkpt lat="29.74587" lon="-99.01729"/>
      <trkpt lat="29.74597" lon="-99.01674"/>
      <trkpt lat="29.74598" lon="-99.01662"/>
      <trkpt lat="29.746" lon="-99.01627"/>
      <trkpt lat="29.746" lon="-99.0156"/>
      <trkpt lat="29.746" lon="-99.01525"/>
      <trkpt lat="29.74598" lon="-99.01506"/>
      <trkpt lat="29.74585" lon="-99.01412"/>
      <trkpt lat="29.74574" lon="-99.01314"/>
      <trkpt lat="29.74568" lon="-99.01263"/>
      <trkpt lat="29.74567" lon="-99.01251"/>
      <trkpt lat="29.74553" lon="-99.01113"/>
      <trkpt lat="29.74547" lon="-99.0107"/>
      <trkpt lat="29.74541" lon="-99.01014"/>
      <trkpt lat="29.74524" lon="-99.00856"/>
      <trkpt lat="29.7452" lon="-99.00812"/>
      <trkpt lat="29.74507" lon="-99.00679"/>
      <trkpt lat="29.74504" lon="-99.00653"/>
      <trkpt lat="29.74484" lon="-99.00462"/>
      <trkpt lat="29.74469" lon="-99.00305"/>
      <trkpt lat="29.74467" lon="-99.0027"/>
      <trkpt lat="29.74467" lon="-99.00224"/>
      <trkpt lat="29.74468" lon="-99.00117"/>
      <trkpt lat="29.74469" lon="-99.00074"/>
      <trkpt lat="29.74474" lon="-99.00033"/>
      <trkpt lat="29.74477" lon="-98.9999"/>
      <trkpt lat="29.74486" lon="-98.99931"/>
      <trkpt lat="29.745" lon="-98.99847"/>
      <trkpt lat="29.74526" lon="-98.99717"/>
      <trkpt lat="29.74534" lon="-98.99668"/>
      <trkpt lat="29.74535" lon="-98.99658"/>
      <trkpt lat="29.74552" lon="-98.99565"/>
      <trkpt lat="29.74564" lon="-98.99495"/>
      <trkpt lat="29.7457" lon="-98.99458"/>
      <trkpt lat="29.74573" lon="-98.99445"/>
      <trkpt lat="29.74588" lon="-98.99358"/>
      <trkpt lat="29.74598" lon="-98.99294"/>
      <trkpt lat="29.74599" lon="-98.99274"/>
      <trkpt lat="29.746" lon="-98.99244"/>
      <trkpt lat="29.74597" lon="-98.99198"/>
      <trkpt lat="29.74588" lon="-98.99157"/>
      <trkpt lat="29.74558" lon="-98.99076"/>
      <trkpt lat="29.74551" lon="-98.99058"/>
      <trkpt lat="29.74519" lon="-98.98975"/>
      <trkpt lat="29.74496" lon="-98.98894"/>
      <trkpt lat="29.74456" lon="-98.98739"/>
      <trkpt lat="29.74448" lon="-98.98706"/>
      <trkpt lat="29.74396" lon="-98.98486"/>
      <trkpt lat="29.7433" lon="-98.98181"/>
      <trkpt lat="29.74315" lon="-98.9811"/>
      <trkpt lat="29.7428" lon="-98.97981"/>
      <trkpt lat="29.74276" lon="-98.9797"/>
      <trkpt lat="29.74265" lon="-98.97938"/>
      <trkpt lat="29.74246" lon="-98.97893"/>
      <trkpt lat="29.7423" lon="-98.97856"/>
      <trkpt lat="29.74201" lon="-98.97802"/>
      <trkpt lat="29.74177" lon="-98.97753"/>
      <trkpt lat="29.74125" lon="-98.97661"/>
      <trkpt lat="29.74093" lon="-98.97596"/>
      <trkpt lat="29.74082" lon="-98.97568"/>
      <trkpt lat="29.7402" lon="-98.97422"/>
      <trkpt lat="29.73936" lon="-98.97225"/>
      <trkpt lat="29.73904" lon="-98.97138"/>
      <trkpt lat="29.73877" lon="-98.97039"/>
      <trkpt lat="29.73841" lon="-98.96891"/>
      <trkpt lat="29.73716" lon="-98.96394"/>
      <trkpt lat="29.73691" lon="-98.96327"/>
      <trkpt lat="29.7367" lon="-98.96282"/>
      <trkpt lat="29.73597" lon="-98.96183"/>
      <trkpt lat="29.73541" lon="-98.96117"/>
      <trkpt lat="29.73532" lon="-98.96107"/>
      <trkpt lat="29.73505" lon="-98.96073"/>
      <trkpt lat="29.73449" lon="-98.96005"/>
      <trkpt lat="29.73329" lon="-98.95858"/>
      <trkpt lat="29.73226" lon="-98.95732"/>
      <trkpt lat="29.73188" lon="-98.95691"/>
      <trkpt lat="29.73138" lon="-98.95637"/>
      <trkpt lat="29.73079" lon="-98.9556"/>
      <trkpt lat="29.73045" lon="-98.95482"/>
      <trkpt lat="29.73035" lon="-98.95457"/>
      <trkpt lat="29.73018" lon="-98.95413"/>
      <trkpt lat="29.73017" lon="-98.95409"/>
      <trkpt lat="29.73004" lon="-98.95368"/>
      <trkpt lat="29.72977" lon="-98.95274"/>
      <trkpt lat="29.7297" lon="-98.95251"/>
      <trkpt lat="29.72908" lon="-98.9504"/>
      <trkpt lat="29.72866" lon="-98.94916"/>
      <trkpt lat="29.72864" lon="-98.94909"/>
      <trkpt lat="29.72833" lon="-98.94823"/>
      <trkpt lat="29.72781" lon="-98.94695"/>
      <trkpt lat="29.72769" lon="-98.94663"/>
      <trkpt lat="29.7273" lon="-98.94557"/>
      <trkpt lat="29.72726" lon="-98.94549"/>
      <trkpt lat="29.72697" lon="-98.94469"/>
      <trkpt lat="29.72684" lon="-98.94431"/>
      <trkpt lat="29.72678" lon="-98.94416"/>
      <trkpt lat="29.72673" lon="-98.94405"/>
      <trkpt lat="29.72645" lon="-98.94323"/>
      <trkpt lat="29.72637" lon="-98.94303"/>
      <trkpt lat="29.72577" lon="-98.94145"/>
      <trkpt lat="29.72561" lon="-98.94105"/>
      <trkpt lat="29.72546" lon="-98.9407"/>
      <trkpt lat="29.72508" lon="-98.93988"/>
      <trkpt lat="29.72506" lon="-98.93983"/>
      <trkpt lat="29.72491" lon="-98.93945"/>
      <trkpt lat="29.72435" lon="-98.93806"/>
      <trkpt lat="29.72406" lon="-98.93737"/>
      <trkpt lat="29.72395" lon="-98.93709"/>
      <trkpt lat="29.72367" lon="-98.93638"/>
      <trkpt lat="29.72344" lon="-98.93571"/>
      <trkpt lat="29.72341" lon="-98.93565"/>
      <trkpt lat="29.72326" lon="-98.9351"/>
      <trkpt lat="29.72315" lon="-98.9347"/>
      <trkpt lat="29.72309" lon="-98.93447"/>
      <trkpt lat="29.72303" lon="-98.93426"/>
      <trkpt lat="29.72295" lon="-98.93392"/>
      <trkpt lat="29.72262" lon="-98.933"/>
      <trkpt lat="29.72243" lon="-98.93247"/>
      <trkpt lat="29.7223" lon="-98.93224"/>
      <trkpt lat="29.72228" lon="-98.9322"/>
      <trkpt lat="29.72219" lon="-98.93203"/>
      <trkpt lat="29.72169" lon="-98.93106"/>
      <trkpt lat="29.72159" lon="-98.93081"/>
      <trkpt lat="29.72141" lon="-98.93034"/>
      <trkpt lat="29.72138" lon="-98.93027"/>
      <trkpt lat="29.72118" lon="-98.9297"/>
      <trkpt lat="29.72104" lon="-98.92919"/>
      <trkpt lat="29.72084" lon="-98.92848"/>
      <trkpt lat="29.72065" lon="-98.92774"/>
      <trkpt lat="29.72046" lon="-98.9271"/>
      <trkpt lat="29.72045" lon="-98.92704"/>
      <trkpt lat="29.72041" lon="-98.92684"/>
      <trkpt lat="29.72028" lon="-98.92622"/>
      <trkpt lat="29.72026" lon="-98.92597"/>
      <trkpt lat="29.7202" lon="-98.92554"/>
      <trkpt lat="29.72018" lon="-98.92515"/>
      <trkpt lat="29.72016" lon="-98.92472"/>
      <trkpt lat="29.7202" lon="-98.92372"/>
      <trkpt lat="29.72043" lon="-98.92212"/>
      <trkpt lat="29.72047" lon="-98.92186"/>
      <trkpt lat="29.72065" lon="-98.92052"/>
      <trkpt lat="29.72065" lon="-98.9205"/>
      <trkpt lat="29.72068" lon="-98.92025"/>
      <trkpt lat="29.72073" lon="-98.91965"/>
      <trkpt lat="29.72074" lon="-98.91896"/>
      <trkpt lat="29.72066" lon="-98.91824"/>
      <trkpt lat="29.72058" lon="-98.91737"/>
      <trkpt lat="29.72057" lon="-98.91722"/>
      <trkpt lat="29.72056" lon="-98.91718"/>
      <trkpt lat="29.72052" lon="-98.91688"/>
      <trkpt lat="29.72041" lon="-98.91572"/>
      <trkpt lat="29.72023" lon="-98.91406"/>
      <trkpt lat="29.72017" lon="-98.91375"/>
      <trkpt lat="29.72012" lon="-98.91347"/>
      <trkpt lat="29.71997" lon="-98.91273"/>
      <trkpt lat="29.71979" lon="-98.91214"/>
      <trkpt lat="29.71962" lon="-98.9116"/>
      <trkpt lat="29.71956" lon="-98.91144"/>
      <trkpt lat="29.71925" lon="-98.91057"/>
      <trkpt lat="29.719" lon="-98.90972"/>
      <trkpt lat="29.71885" lon="-98.909"/>
      <trkpt lat="29.71882" lon="-98.9088"/>
      <trkpt lat="29.71871" lon="-98.90798"/>
      <trkpt lat="29.71863" lon="-98.90744"/>
      <trkpt lat="29.71863" lon="-98.90742"/>
      <trkpt lat="29.71862" lon="-98.90696"/>
      <trkpt lat="29.71861" lon="-98.90666"/>
      <trkpt lat="29.71857" lon="-98.90596"/>
      <trkpt lat="29.71854" lon="-98.90524"/>
      <trkpt lat="29.71854" lon="-98.90521"/>
      <trkpt lat="29.71851" lon="-98.9044"/>
      <trkpt lat="29.71849" lon="-98.90415"/>
      <trkpt lat="29.71836" lon="-98.90276"/>
      <trkpt lat="29.71822" lon="-98.90175"/>
      <trkpt lat="29.71795" lon="-98.90055"/>
      <trkpt lat="29.71786" lon="-98.90029"/>
      <trkpt lat="29.71765" lon="-98.89972"/>
      <trkpt lat="29.7173" lon="-98.89898"/>
      <trkpt lat="29.71702" lon="-98.89844"/>
      <trkpt lat="29.71661" lon="-98.89782"/>
      <trkpt lat="29.71582" lon="-98.89687"/>
      <trkpt lat="29.71576" lon="-98.89681"/>
      <trkpt lat="29.71548" lon="-98.89652"/>
      <trkpt lat="29.71498" lon="-98.89603"/>
      <trkpt lat="29.71452" lon="-98.89545"/>
      <trkpt lat="29.7142" lon="-98.89489"/>
      <trkpt lat="29.71409" lon="-98.8947"/>
      <trkpt lat="29.7137" lon="-98.89387"/>
      <trkpt lat="29.71337" lon="-98.89296"/>
      <trkpt lat="29.71297" lon="-98.8917"/>
      <trkpt lat="29.71258" lon="-98.89051"/>
      <trkpt lat="29.71252" lon="-98.89032"/>
      <trkpt lat="29.71243" lon="-98.89004"/>
      <trkpt lat="29.71261" lon="-98.88968"/>
      <trkpt lat="29.71327" lon="-98.88839"/>
      <trkpt lat="29.71342" lon="-98.88807"/>
      <trkpt lat="29.71353" lon="-98.88764"/>
      <trkpt lat="29.71363" lon="-98.88712"/>
      <trkpt lat="29.71363" lon="-98.88711"/>
      <trkpt lat="29.71372" lon="-98.88629"/>
      <trkpt lat="29.71391" lon="-98.88453"/>
      <trkpt lat="29.71431" lon="-98.88085"/>
      <trkpt lat="29.71448" lon="-98.87962"/>
      <trkpt lat="29.71461" lon="-98.87906"/>
      <trkpt lat="29.71482" lon="-98.87847"/>
      <trkpt lat="29.71508" lon="-98.8779"/>
      <trkpt lat="29.71544" lon="-98.87724"/>
      <trkpt lat="29.71656" lon="-98.87559"/>
      <trkpt lat="29.7166" lon="-98.87552"/>
      <trkpt lat="29.71705" lon="-98.87485"/>
      <trkpt lat="29.71739" lon="-98.87432"/>
      <trkpt lat="29.71778" lon="-98.87369"/>
      <trkpt lat="29.71792" lon="-98.87341"/>
      <trkpt lat="29.71809" lon="-98.87286"/>
      <trkpt lat="29.71812" lon="-98.87273"/>
      <trkpt lat="29.71824" lon="-98.8722"/>
      <trkpt lat="29.71828" lon="-98.87209"/>
      <trkpt lat="29.71841" lon="-98.87154"/>
      <trkpt lat="29.71851" lon="-98.87124"/>
      <trkpt lat="29.71883" lon="-98.87059"/>
      <trkpt lat="29.71887" lon="-98.87054"/>
      <trkpt lat="29.71913" lon="-98.87025"/>
      <trkpt lat="29.71956" lon="-98.86975"/>
      <trkpt lat="29.71973" lon="-98.86955"/>
      <trkpt lat="29.72042" lon="-98.86874"/>
      <trkpt lat="29.72101" lon="-98.8679"/>
      <trkpt lat="29.72186" lon="-98.86675"/>
      <trkpt lat="29.72193" lon="-98.86665"/>
      <trkpt lat="29.72232" lon="-98.8661"/>
      <trkpt lat="29.72283" lon="-98.86536"/>
      <trkpt lat="29.72296" lon="-98.86518"/>
      <trkpt lat="29.72313" lon="-98.86494"/>
      <trkpt lat="29.72334" lon="-98.86464"/>
      <trkpt lat="29.72348" lon="-98.86447"/>
      <trkpt lat="29.72369" lon="-98.86418"/>
      <trkpt lat="29.72384" lon="-98.86404"/>
      <trkpt lat="29.72404" lon="-98.86385"/>
      <trkpt lat="29.72438" lon="-98.86359"/>
      <trkpt lat="29.7247" lon="-98.86332"/>
      <trkpt lat="29.7248" lon="-98.86319"/>
      <trkpt lat="29.72502" lon="-98.86289"/>
      <trkpt lat="29.72512" lon="-98.86266"/>
      <trkpt lat="29.72516" lon="-98.86258"/>
      <trkpt lat="29.7252" lon="-98.86244"/>
      <trkpt lat="29.72521" lon="-98.86231"/>
      <trkpt lat="29.72522" lon="-98.86214"/>
      <trkpt lat="29.72522" lon="-98.86199"/>
      <trkpt lat="29.72522" lon="-98.86178"/>
      <trkpt lat="29.7252" lon="-98.8616"/>
      <trkpt lat="29.72509" lon="-98.86115"/>
      <trkpt lat="29.72484" lon="-98.85989"/>
      <trkpt lat="29.72474" lon="-98.85947"/>
      <trkpt lat="29.7247" lon="-98.85928"/>
      <trkpt lat="29.72467" lon="-98.85916"/>
      <trkpt lat="29.72455" lon="-98.85866"/>
      <trkpt lat="29.72443" lon="-98.85803"/>
      <trkpt lat="29.72441" lon="-98.85788"/>
      <trkpt lat="29.7244" lon="-98.85777"/>
      <trkpt lat="29.72441" lon="-98.85757"/>
      <trkpt lat="29.72443" lon="-98.85732"/>
      <trkpt lat="29.72444" lon="-98.85722"/>
      <trkpt lat="29.7245" lon="-98.85697"/>
      <trkpt lat="29.72452" lon="-98.85691"/>
      <trkpt lat="29.72464" lon="-98.85651"/>
      <trkpt lat="29.72487" lon="-98.85605"/>
      <trkpt lat="29.72502" lon="-98.85579"/>
      <trkpt lat="29.72513" lon="-98.85561"/>
      <trkpt lat="29.72515" lon="-98.85559"/>
      <trkpt lat="29.72528" lon="-98.85543"/>
      <trkpt lat="29.72538" lon="-98.85533"/>
      <trkpt lat="29.72555" lon="-98.85519"/>
      <trkpt lat="29.72589" lon="-98.85492"/>
      <trkpt lat="29.72608" lon="-98.85479"/>
      <trkpt lat="29.72638" lon="-98.8546"/>
      <trkpt lat="29.72683" lon="-98.85428"/>
      <trkpt lat="29.72707" lon="-98.85411"/>
      <trkpt lat="29.7279" lon="-98.85346"/>
      <trkpt lat="29.72884" lon="-98.85256"/>
      <trkpt lat="29.72994" lon="-98.85135"/>
      <trkpt lat="29.73049" lon="-98.85065"/>
      <trkpt lat="29.73137" lon="-98.84952"/>
      <trkpt lat="29.73216" lon="-98.84849"/>
      <trkpt lat="29.73378" lon="-98.8464"/>
      <trkpt lat="29.73455" lon="-98.84546"/>
      <trkpt lat="29.73519" lon="-98.84469"/>
      <trkpt lat="29.73525" lon="-98.84462"/>
      <trkpt lat="29.73613" lon="-98.84358"/>
      <trkpt lat="29.73685" lon="-98.8427"/>
      <trkpt lat="29.73716" lon="-98.84229"/>
      <trkpt lat="29.7374" lon="-98.84196"/>
      <trkpt lat="29.73763" lon="-98.8416"/>
      <trkpt lat="29.73786" lon="-98.84114"/>
      <trkpt lat="29.73819" lon="-98.84045"/>
      <trkpt lat="29.73861" lon="-98.83945"/>
      <trkpt lat="29.73869" lon="-98.83925"/>
      <trkpt lat="29.73877" lon="-98.83907"/>
      <trkpt lat="29.73897" lon="-98.83874"/>
      <trkpt lat="29.73917" lon="-98.83844"/>
      <trkpt lat="29.73955" lon="-98.83787"/>
      <trkpt lat="29.7397" lon="-98.8376"/>
      <trkpt lat="29.73984" lon="-98.83731"/>
      <trkpt lat="29.74003" lon="-98.83694"/>
      <trkpt lat="29.74066" lon="-98.83553"/>
      <trkpt lat="29.74081" lon="-98.83521"/>
      <trkpt lat="29.7412" lon="-98.83442"/>
      <trkpt lat="29.74141" lon="-98.83396"/>
      <trkpt lat="29.74156" lon="-98.83365"/>
      <trkpt lat="29.74167" lon="-98.83344"/>
      <trkpt lat="29.74303" lon="-98.83134"/>
      <trkpt lat="29.74315" lon="-98.83114"/>
      <trkpt lat="29.74426" lon="-98.82933"/>
      <trkpt lat="29.7452" lon="-98.82764"/>
      <trkpt lat="29.74576" lon="-98.8265"/>
      <trkpt lat="29.74611" lon="-98.82577"/>
      <trkpt lat="29.74663" lon="-98.82443"/>
      <trkpt lat="29.74707" lon="-98.82342"/>
      <trkpt lat="29.74753" lon="-98.82246"/>
      <trkpt lat="29.74773" lon="-98.8221"/>
      <trkpt lat="29.748" lon="-98.82172"/>
      <trkpt lat="29.74885" lon="-98.8206"/>
      <trkpt lat="29.74911" lon="-98.82017"/>
      <trkpt lat="29.74964" lon="-98.8193"/>
      <trkpt lat="29.75077" lon="-98.81737"/>
      <trkpt lat="29.75106" lon="-98.8168"/>
      <trkpt lat="29.75127" lon="-98.8162"/>
      <trkpt lat="29.7515" lon="-98.8155"/>
      <trkpt lat="29.75167" lon="-98.81502"/>
      <trkpt lat="29.75196" lon="-98.8145"/>
      <trkpt lat="29.75264" lon="-98.81328"/>
      <trkpt lat="29.75322" lon="-98.81225"/>
      <trkpt lat="29.75344" lon="-98.81174"/>
      <trkpt lat="29.75371" lon="-98.81084"/>
      <trkpt lat="29.7539" lon="-98.81007"/>
      <trkpt lat="29.75402" lon="-98.80946"/>
      <trkpt lat="29.75409" lon="-98.80844"/>
      <trkpt lat="29.75416" lon="-98.80794"/>
      <trkpt lat="29.75433" lon="-98.80713"/>
      <trkpt lat="29.75452" lon="-98.80603"/>
      <trkpt lat="29.75455" lon="-98.80582"/>
      <trkpt lat="29.75473" lon="-98.80327"/>
      <trkpt lat="29.7548" lon="-98.80284"/>
      <trkpt lat="29.75483" lon="-98.80274"/>
      <trkpt lat="29.75497" lon="-98.80215"/>
      <trkpt lat="29.75597" lon="-98.79905"/>
      <trkpt lat="29.75601" lon="-98.79895"/>
      <trkpt lat="29.75611" lon="-98.79872"/>
      <trkpt lat="29.75626" lon="-98.79837"/>
      <trkpt lat="29.75663" lon="-98.79771"/>
      <trkpt lat="29.75705" lon="-98.79703"/>
      <trkpt lat="29.75768" lon="-98.79603"/>
      <trkpt lat="29.75771" lon="-98.79598"/>
      <trkpt lat="29.75773" lon="-98.79594"/>
      <trkpt lat="29.758" lon="-98.79552"/>
      <trkpt lat="29.75829" lon="-98.79498"/>
      <trkpt lat="29.75833" lon="-98.79486"/>
      <trkpt lat="29.75835" lon="-98.79481"/>
      <trkpt lat="29.75838" lon="-98.79474"/>
      <trkpt lat="29.75849" lon="-98.79431"/>
      <trkpt lat="29.75855" lon="-98.79378"/>
      <trkpt lat="29.75862" lon="-98.79331"/>
      <trkpt lat="29.75869" lon="-98.793"/>
      <trkpt lat="29.75885" lon="-98.79261"/>
      <trkpt lat="29.75908" lon="-98.79227"/>
      <trkpt lat="29.75936" lon="-98.79198"/>
      <trkpt lat="29.75964" lon="-98.79178"/>
      <trkpt lat="29.7599" lon="-98.79165"/>
      <trkpt lat="29.76015" lon="-98.79157"/>
      <trkpt lat="29.76058" lon="-98.79147"/>
      <trkpt lat="29.76116" lon="-98.79136"/>
      <trkpt lat="29.76162" lon="-98.79135"/>
      <trkpt lat="29.76189" lon="-98.79135"/>
      <trkpt lat="29.76262" lon="-98.79134"/>
      <trkpt lat="29.76299" lon="-98.79131"/>
      <trkpt lat="29.76329" lon="-98.79123"/>
      <trkpt lat="29.76363" lon="-98.79105"/>
      <trkpt lat="29.7639" lon="-98.79082"/>
      <trkpt lat="29.76414" lon="-98.79056"/>
      <trkpt lat="29.76434" lon="-98.79023"/>
      <trkpt lat="29.76447" lon="-98.7899"/>
      <trkpt lat="29.76452" lon="-98.78976"/>
      <trkpt lat="29.76496" lon="-98.78812"/>
      <trkpt lat="29.76506" lon="-98.78778"/>
      <trkpt lat="29.76528" lon="-98.78723"/>
      <trkpt lat="29.76557" lon="-98.78664"/>
      <trkpt lat="29.76638" lon="-98.78513"/>
      <trkpt lat="29.76661" lon="-98.78484"/>
      <trkpt lat="29.76687" lon="-98.78458"/>
      <trkpt lat="29.767" lon="-98.78446"/>
      <trkpt lat="29.76715" lon="-98.78435"/>
      <trkpt lat="29.76793" lon="-98.78385"/>
      <trkpt lat="29.76824" lon="-98.7836"/>
      <trkpt lat="29.7686" lon="-98.78326"/>
      <trkpt lat="29.76907" lon="-98.78275"/>
      <trkpt lat="29.76912" lon="-98.78269"/>
      <trkpt lat="29.77001" lon="-98.78171"/>
      <trkpt lat="29.77016" lon="-98.78149"/>
      <trkpt lat="29.77036" lon="-98.78115"/>
      <trkpt lat="29.7705" lon="-98.7808"/>
      <trkpt lat="29.7706" lon="-98.78041"/>
      <trkpt lat="29.77065" lon="-98.78016"/>
      <trkpt lat="29.77078" lon="-98.77953"/>
      <trkpt lat="29.77084" lon="-98.77918"/>
      <trkpt lat="29.77093" lon="-98.77868"/>
      <trkpt lat="29.77096" lon="-98.77829"/>
      <trkpt lat="29.77095" lon="-98.77797"/>
      <trkpt lat="29.7709" lon="-98.77762"/>
      <trkpt lat="29.77082" lon="-98.77729"/>
      <trkpt lat="29.77074" lon="-98.77709"/>
      <trkpt lat="29.7707" lon="-98.77696"/>
      <trkpt lat="29.77057" lon="-98.77669"/>
      <trkpt lat="29.77038" lon="-98.77639"/>
      <trkpt lat="29.77022" lon="-98.77618"/>
      <trkpt lat="29.76997" lon="-98.77591"/>
      <trkpt lat="29.76994" lon="-98.77589"/>
      <trkpt lat="29.76971" lon="-98.7757"/>
      <trkpt lat="29.76916" lon="-98.77533"/>
      <trkpt lat="29.76867" lon="-98.77501"/>
      <trkpt lat="29.76832" lon="-98.77472"/>
      <trkpt lat="29.76808" lon="-98.77444"/>
      <trkpt lat="29.76791" lon="-98.77423"/>
      <trkpt lat="29.76776" lon="-98.77396"/>
      <trkpt lat="29.76763" lon="-98.77368"/>
      <trkpt lat="29.76747" lon="-98.77322"/>
      <trkpt lat="29.7674" lon="-98.77288"/>
      <trkpt lat="29.76736" lon="-98.77256"/>
      <trkpt lat="29.76733" lon="-98.77217"/>
      <trkpt lat="29.7673" lon="-98.77175"/>
      <trkpt lat="29.76729" lon="-98.77126"/>
      <trkpt lat="29.76728" lon="-98.77085"/>
      <trkpt lat="29.76723" lon="-98.76869"/>
      <trkpt lat="29.76721" lon="-98.76761"/>
      <trkpt lat="29.76721" lon="-98.76716"/>
      <trkpt lat="29.76719" lon="-98.7668"/>
      <trkpt lat="29.7671" lon="-98.76543"/>
      <trkpt lat="29.7671" lon="-98.76494"/>
      <trkpt lat="29.76712" lon="-98.76453"/>
      <trkpt lat="29.76724" lon="-98.76413"/>
      <trkpt lat="29.76736" lon="-98.76383"/>
      <trkpt lat="29.76759" lon="-98.76345"/>
      <trkpt lat="29.76792" lon="-98.76304"/>
      <trkpt lat="29.76816" lon="-98.76278"/>
      <trkpt lat="29.7682" lon="-98.76274"/>
      <trkpt lat="29.76841" lon="-98.76251"/>
      <trkpt lat="29.76975" lon="-98.76102"/>
      <trkpt lat="29.77005" lon="-98.7606"/>
      <trkpt lat="29.77018" lon="-98.76028"/>
      <trkpt lat="29.77059" lon="-98.75853"/>
      <trkpt lat="29.77064" lon="-98.75831"/>
      <trkpt lat="29.77094" lon="-98.75707"/>
      <trkpt lat="29.77109" lon="-98.7564"/>
      <trkpt lat="29.77113" lon="-98.75625"/>
      <trkpt lat="29.77133" lon="-98.75546"/>
      <trkpt lat="29.77137" lon="-98.75531"/>
      <trkpt lat="29.77176" lon="-98.75378"/>
      <trkpt lat="29.7729" lon="-98.74956"/>
      <trkpt lat="29.77294" lon="-98.74942"/>
      <trkpt lat="29.77318" lon="-98.74881"/>
      <trkpt lat="29.77334" lon="-98.74847"/>
      <trkpt lat="29.77362" lon="-98.74805"/>
      <trkpt lat="29.77398" lon="-98.74768"/>
      <trkpt lat="29.77424" lon="-98.7475"/>
      <trkpt lat="29.77454" lon="-98.74729"/>
      <trkpt lat="29.77662" lon="-98.74611"/>
      <trkpt lat="29.77666" lon="-98.74609"/>
      <trkpt lat="29.77675" lon="-98.74605"/>
      <trkpt lat="29.77843" lon="-98.74509"/>
      <trkpt lat="29.7787" lon="-98.74488"/>
      <trkpt lat="29.77893" lon="-98.74465"/>
      <trkpt lat="29.77912" lon="-98.74436"/>
      <trkpt lat="29.77928" lon="-98.74401"/>
      <trkpt lat="29.77933" lon="-98.74385"/>
      <trkpt lat="29.77937" lon="-98.74369"/>
      <trkpt lat="29.7794" lon="-98.74354"/>
      <trkpt lat="29.77942" lon="-98.74334"/>
      <trkpt lat="29.77941" lon="-98.74283"/>
      <trkpt lat="29.77938" lon="-98.7423"/>
      <trkpt lat="29.77935" lon="-98.74176"/>
      <trkpt lat="29.77933" lon="-98.74151"/>
      <trkpt lat="29.77933" lon="-98.74126"/>
      <trkpt lat="29.77931" lon="-98.74073"/>
      <trkpt lat="29.77926" lon="-98.74047"/>
      <trkpt lat="29.77927" lon="-98.74022"/>
      <trkpt lat="29.77927" lon="-98.73996"/>
      <trkpt lat="29.7793" lon="-98.73966"/>
      <trkpt lat="29.77935" lon="-98.73933"/>
      <trkpt lat="29.7794" lon="-98.73912"/>
      <trkpt lat="29.77941" lon="-98.73899"/>
      <trkpt lat="29.77945" lon="-98.73882"/>
      <trkpt lat="29.77948" lon="-98.73868"/>
      <trkpt lat="29.77955" lon="-98.73844"/>
      <trkpt lat="29.77962" lon="-98.73829"/>
      <trkpt lat="29.77964" lon="-98.73825"/>
      <trkpt lat="29.77969" lon="-98.73814"/>
      <trkpt lat="29.77977" lon="-98.73796"/>
      <trkpt lat="29.78017" lon="-98.73717"/>
      <trkpt lat="29.78018" lon="-98.73715"/>
      <trkpt lat="29.78022" lon="-98.73706"/>
      <trkpt lat="29.78024" lon="-98.73701"/>
      <trkpt lat="29.78028" lon="-98.73685"/>
      <trkpt lat="29.78035" lon="-98.73663"/>
      <trkpt lat="29.78039" lon="-98.7364"/>
      <trkpt lat="29.7804" lon="-98.7362"/>
      <trkpt lat="29.78042" lon="-98.73601"/>
      <trkpt lat="29.78042" lon="-98.73586"/>
      <trkpt lat="29.78048" lon="-98.73577"/>
      <trkpt lat="29.78048" lon="-98.73574"/>
      <trkpt lat="29.78048" lon="-98.73557"/>
      <trkpt lat="29.78048" lon="-98.73535"/>
      <trkpt lat="29.78048" lon="-98.73521"/>
      <trkpt lat="29.78048" lon="-98.73445"/>
      <trkpt lat="29.78048" lon="-98.73374"/>
      <trkpt lat="29.78048" lon="-98.73347"/>
      <trkpt lat="29.78048" lon="-98.7332"/>
      <trkpt lat="29.78049" lon="-98.73301"/>
      <trkpt lat="29.78048" lon="-98.73261"/>
      <trkpt lat="29.78048" lon="-98.73237"/>
      <trkpt lat="29.78048" lon="-98.73221"/>
      <trkpt lat="29.78047" lon="-98.73195"/>
      <trkpt lat="29.78047" lon="-98.73193"/>
      <trkpt lat="29.78043" lon="-98.73108"/>
      <trkpt lat="29.78041" lon="-98.73045"/>
      <trkpt lat="29.7804" lon="-98.73028"/>
      <trkpt lat="29.7804" lon="-98.73015"/>
      <trkpt lat="29.7804" lon="-98.72992"/>
      <trkpt lat="29.7804" lon="-98.72972"/>
      <trkpt lat="29.7804" lon="-98.72947"/>
      <trkpt lat="29.7804" lon="-98.72929"/>
      <trkpt lat="29.78041" lon="-98.72916"/>
      <trkpt lat="29.78042" lon="-98.72894"/>
      <trkpt lat="29.7807" lon="-98.72898"/>
      <trkpt lat="29.78078" lon="-98.72899"/>
      <trkpt lat="29.78092" lon="-98.72902"/>
      <trkpt lat="29.781" lon="-98.72903"/>
      <trkpt lat="29.78118" lon="-98.72903"/>
      <trkpt lat="29.78146" lon="-98.72904"/>
      <trkpt lat="29.78165" lon="-98.72904"/>
      <trkpt lat="29.78181" lon="-98.72904"/>
      <trkpt lat="29.78187" lon="-98.72904"/>
      <trkpt lat="29.78225" lon="-98.72904"/>
      <trkpt lat="29.78244" lon="-98.72904"/>
      <trkpt lat="29.78265" lon="-98.72904"/>
      <trkpt lat="29.78282" lon="-98.72904"/>
      <trkpt lat="29.78314" lon="-98.72904"/>
      <trkpt lat="29.78363" lon="-98.72904"/>
      <trkpt lat="29.78443" lon="-98.72904"/>
      <trkpt lat="29.78541" lon="-98.72904"/>
      <trkpt lat="29.78636" lon="-98.72904"/>
      <trkpt lat="29.787" lon="-98.72904"/>
      <trkpt lat="29.78732" lon="-98.72904"/>
      <trkpt lat="29.78798" lon="-98.72905"/>
      <trkpt lat="29.78819" lon="-98.72907"/>
      <trkpt lat="29.78853" lon="-98.72915"/>
      <trkpt lat="29.78898" lon="-98.7293"/>
      <trkpt lat="29.78948" lon="-98.72952"/>
      <trkpt lat="29.78957" lon="-98.72956"/>
      <trkpt lat="29.78977" lon="-98.72966"/>
      <trkpt lat="29.78989" lon="-98.72971"/>
      <trkpt lat="29.79081" lon="-98.73017"/>
      <trkpt lat="29.79115" lon="-98.73036"/>
      <trkpt lat="29.79152" lon="-98.73056"/>
      <trkpt lat="29.79186" lon="-98.73074"/>
      <trkpt lat="29.79193" lon="-98.73079"/>
      <trkpt lat="29.79197" lon="-98.7308"/>
      <trkpt lat="29.79257" lon="-98.7311"/>
      <trkpt lat="29.79301" lon="-98.73133"/>
      <trkpt lat="29.79308" lon="-98.73136"/>
      <trkpt lat="29.79316" lon="-98.73141"/>
      <trkpt lat="29.79343" lon="-98.73155"/>
      <trkpt lat="29.79398" lon="-98.73184"/>
      <trkpt lat="29.7945" lon="-98.73211"/>
      <trkpt lat="29.79457" lon="-98.73192"/>
    </trkseg>
  </trk>
</gpx>
